timestamp,vm,event,ip,anomaly
2026-05-23 18:27:22.041413,vm-linux-03,MFA challenge,10.0.0.141,0
2026-05-23 21:22:22.041428,vm-linux-03,Token issued,10.0.0.94,0
2026-05-23 02:39:22.041434,vm-linux-03,Sign-in success,10.0.0.36,0
2026-05-28 05:42:22.041437,vm-web-01,Sign-in failed,10.0.0.105,0
2026-05-27 04:45:22.041441,vm-linux-03,Sign-in failed,10.0.0.9,0
2026-05-22 01:46:22.041444,vm-db-02,MFA challenge,10.0.0.141,0
2026-05-21 23:05:22.041450,vm-linux-03,FAILED SIGN-IN BRUTE FORCE,185.124.90.60,1
2026-05-27 17:53:22.041454,vm-linux-03,MFA challenge,10.0.0.122,0
2026-05-24 03:10:22.041457,vm-web-01,Token issued,10.0.0.197,0
2026-05-23 00:21:22.041460,vm-linux-03,Sign-in success,10.0.0.205,0
2026-05-22 06:40:22.041465,vm-db-02,FAILED SIGN-IN BRUTE FORCE,185.6.175.55,1
2026-05-27 11:46:22.041470,vm-db-02,FAILED SIGN-IN BRUTE FORCE,185.149.83.163,1
2026-05-22 07:13:22.041473,vm-web-01,MFA challenge,10.0.0.111,0
2026-05-27 18:42:22.041476,vm-web-01,Token issued,10.0.0.66,0
2026-05-23 00:55:22.041479,vm-linux-03,Sign-in success,10.0.0.163,0
2026-05-27 07:33:22.041481,vm-ad-01,Sign-in success,10.0.0.95,0
2026-05-25 07:22:22.041485,vm-web-01,MFA challenge,10.0.0.170,0
2026-05-27 04:30:22.041489,vm-ad-01,FAILED SIGN-IN BRUTE FORCE,185.185.47.162,1
2026-05-22 03:02:22.041492,vm-web-01,MFA challenge,10.0.0.231,0
2026-05-24 13:19:22.041494,vm-linux-03,Sign-in success,10.0.0.11,0
2026-05-27 06:29:22.041497,vm-db-02,Sign-in failed,10.0.0.164,0
2026-05-27 21:47:22.041500,vm-linux-03,Sign-in failed,10.0.0.241,0
2026-05-28 14:56:22.041503,vm-linux-03,Sign-in failed,10.0.0.76,0
2026-05-26 23:34:22.041508,vm-ad-01,Token issued,10.0.0.177,0
2026-05-23 23:12:22.041512,vm-db-02,Sign-in success,10.0.0.152,0
2026-05-22 05:12:22.041514,vm-linux-03,Token issued,10.0.0.24,0
2026-05-26 11:22:22.041517,vm-ad-01,Token issued,10.0.0.131,0
2026-05-26 23:44:22.041520,vm-web-01,MFA challenge,10.0.0.201,0
2026-05-24 15:40:22.041524,vm-db-02,FAILED SIGN-IN BRUTE FORCE,185.118.10.241,1
2026-05-24 06:01:22.041527,vm-linux-03,Sign-in failed,10.0.0.76,0
2026-05-25 02:14:22.041531,vm-db-02,Sign-in success,10.0.0.242,0
2026-05-25 02:46:22.041534,vm-db-02,Token issued,10.0.0.139,0
2026-05-23 17:09:22.041536,vm-linux-03,Sign-in failed,10.0.0.66,0
2026-05-23 02:04:22.041540,vm-linux-03,MFA challenge,10.0.0.217,0
2026-05-28 06:32:22.041543,vm-linux-03,MFA challenge,10.0.0.70,0
2026-05-24 20:04:22.041546,vm-ad-01,Token issued,10.0.0.238,0
2026-05-24 10:09:22.041550,vm-web-01,Token issued,10.0.0.52,0
2026-05-23 23:50:22.041552,vm-db-02,Sign-in failed,10.0.0.4,0
2026-05-27 23:59:22.041555,vm-db-02,MFA challenge,10.0.0.42,0
2026-05-22 13:05:22.041559,vm-ad-01,FAILED SIGN-IN BRUTE FORCE,185.245.88.192,1
2026-05-26 02:05:22.041562,vm-web-01,Token issued,10.0.0.109,0
2026-05-28 05:43:22.041565,vm-ad-01,Token issued,10.0.0.128,0
2026-05-22 13:02:22.041568,vm-linux-03,Sign-in failed,10.0.0.51,0
2026-05-23 05:51:22.041571,vm-ad-01,Sign-in success,10.0.0.224,0
2026-05-23 21:04:22.041574,vm-db-02,MFA challenge,10.0.0.97,0
2026-05-24 05:24:22.041576,vm-db-02,Sign-in success,10.0.0.227,0
2026-05-26 04:12:22.041581,vm-db-02,FAILED SIGN-IN BRUTE FORCE,185.24.9.219,1
2026-05-26 01:34:22.041583,vm-ad-01,Sign-in success,10.0.0.150,0
2026-05-25 12:09:22.041586,vm-ad-01,MFA challenge,10.0.0.204,0
2026-05-26 06:34:22.041589,vm-db-02,Sign-in failed,10.0.0.150,0
2026-05-27 02:15:22.041593,vm-linux-03,FAILED SIGN-IN BRUTE FORCE,185.249.225.92,1
2026-05-28 03:44:22.041596,vm-linux-03,MFA challenge,10.0.0.113,0
2026-05-24 23:14:22.041599,vm-db-02,Token issued,10.0.0.219,0
2026-05-26 15:15:22.041602,vm-db-02,Sign-in success,10.0.0.55,0
2026-05-28 04:44:22.041606,vm-ad-01,FAILED SIGN-IN BRUTE FORCE,185.171.137.111,1
2026-05-22 11:43:22.041608,vm-linux-03,Token issued,10.0.0.194,0
2026-05-23 02:18:22.041611,vm-linux-03,Sign-in success,10.0.0.83,0
2026-05-23 11:33:22.041614,vm-linux-03,Token issued,10.0.0.104,0
2026-05-22 14:30:22.041617,vm-linux-03,MFA challenge,10.0.0.144,0
2026-05-26 19:29:22.041620,vm-ad-01,Token issued,10.0.0.148,0
2026-05-22 20:22:22.041622,vm-db-02,MFA challenge,10.0.0.187,0
2026-05-27 12:41:22.041625,vm-db-02,MFA challenge,10.0.0.129,0
2026-05-26 16:39:22.041629,vm-db-02,FAILED SIGN-IN BRUTE FORCE,185.54.177.35,1
2026-05-23 08:37:22.041632,vm-db-02,Token issued,10.0.0.167,0
2026-05-25 16:32:22.041635,vm-linux-03,Sign-in failed,10.0.0.54,0
2026-05-25 05:26:22.041639,vm-linux-03,MFA challenge,10.0.0.39,0
2026-05-23 15:04:22.041644,vm-linux-03,FAILED SIGN-IN BRUTE FORCE,185.102.107.195,1
2026-05-23 01:59:22.041647,vm-web-01,MFA challenge,10.0.0.118,0
2026-05-25 20:52:22.041651,vm-linux-03,MFA challenge,10.0.0.211,0
2026-05-24 23:31:22.041653,vm-db-02,Token issued,10.0.0.59,0
2026-05-27 02:33:22.041656,vm-ad-01,Sign-in success,10.0.0.8,0
2026-05-23 03:33:22.041659,vm-db-02,Token issued,10.0.0.171,0
2026-05-25 11:24:22.041662,vm-ad-01,Token issued,10.0.0.172,0
2026-05-23 05:28:22.041664,vm-linux-03,Token issued,10.0.0.13,0
2026-05-25 13:28:22.041667,vm-linux-03,Sign-in failed,10.0.0.20,0
2026-05-24 11:14:22.041670,vm-db-02,MFA challenge,10.0.0.112,0
2026-05-22 13:48:22.041674,vm-db-02,FAILED SIGN-IN BRUTE FORCE,185.232.159.90,1
2026-05-25 21:32:22.041678,vm-web-01,FAILED SIGN-IN BRUTE FORCE,185.37.132.30,1
2026-05-25 23:46:22.041681,vm-web-01,Sign-in failed,10.0.0.143,0
2026-05-28 16:02:22.041684,vm-web-01,Token issued,10.0.0.82,0
2026-05-24 16:35:22.041687,vm-db-02,Sign-in failed,10.0.0.189,0
2026-05-27 12:29:22.041689,vm-db-02,MFA challenge,10.0.0.224,0
2026-05-28 00:35:22.041692,vm-ad-01,MFA challenge,10.0.0.39,0
2026-05-26 06:01:22.041696,vm-linux-03,FAILED SIGN-IN BRUTE FORCE,185.1.66.9,1
2026-05-26 06:55:22.041699,vm-db-02,Sign-in failed,10.0.0.54,0
2026-05-24 00:54:22.041703,vm-db-02,FAILED SIGN-IN BRUTE FORCE,185.15.31.1,1
2026-05-22 11:08:22.041706,vm-ad-01,Sign-in success,10.0.0.106,0
2026-05-26 06:34:22.041710,vm-ad-01,FAILED SIGN-IN BRUTE FORCE,185.239.114.51,1
2026-05-28 09:03:22.041712,vm-db-02,Token issued,10.0.0.22,0
2026-05-27 15:40:22.041717,vm-db-02,FAILED SIGN-IN BRUTE FORCE,185.173.122.238,1
2026-05-23 13:39:22.041719,vm-web-01,Token issued,10.0.0.63,0
2026-05-22 10:53:22.041722,vm-ad-01,Token issued,10.0.0.186,0
2026-05-26 15:09:22.041725,vm-linux-03,MFA challenge,10.0.0.56,0
2026-05-25 14:04:22.041729,vm-db-02,FAILED SIGN-IN BRUTE FORCE,185.179.129.198,1
2026-05-24 00:49:22.041732,vm-web-01,Token issued,10.0.0.104,0
2026-05-21 19:58:22.041736,vm-linux-03,FAILED SIGN-IN BRUTE FORCE,185.182.182.181,1
2026-05-24 19:26:22.041739,vm-db-02,Token issued,10.0.0.37,0
2026-05-23 07:30:22.041743,vm-ad-01,Sign-in failed,10.0.0.147,0
2026-05-27 14:26:22.041747,vm-web-01,FAILED SIGN-IN BRUTE FORCE,185.241.79.125,1
2026-05-25 22:32:22.041750,vm-ad-01,Token issued,10.0.0.171,0
2026-05-22 14:43:22.041753,vm-db-02,Sign-in failed,10.0.0.130,0
2026-05-27 16:25:22.041756,vm-linux-03,Sign-in failed,10.0.0.61,0
2026-05-22 01:17:22.041759,vm-db-02,Sign-in failed,10.0.0.118,0
2026-05-27 03:08:22.041761,vm-ad-01,Token issued,10.0.0.46,0
2026-05-25 16:35:22.041765,vm-db-02,FAILED SIGN-IN BRUTE FORCE,185.97.38.119,1
2026-05-24 13:35:22.041768,vm-db-02,Token issued,10.0.0.202,0
2026-05-25 18:12:22.041773,vm-ad-01,FAILED SIGN-IN BRUTE FORCE,185.48.235.107,1
2026-05-23 01:52:22.041777,vm-ad-01,FAILED SIGN-IN BRUTE FORCE,185.237.48.242,1
2026-05-27 00:33:22.041780,vm-linux-03,Sign-in failed,10.0.0.220,0
2026-05-28 05:36:22.041783,vm-db-02,Sign-in success,10.0.0.178,0
2026-05-22 18:30:22.041787,vm-db-02,FAILED SIGN-IN BRUTE FORCE,185.248.110.81,1
2026-05-22 10:50:22.041790,vm-linux-03,Sign-in failed,10.0.0.107,0
2026-05-23 19:32:22.041793,vm-db-02,MFA challenge,10.0.0.50,0
2026-05-26 00:18:22.041796,vm-ad-01,Sign-in success,10.0.0.233,0
2026-05-26 02:53:22.041799,vm-linux-03,MFA challenge,10.0.0.51,0
2026-05-25 11:55:22.041803,vm-ad-01,FAILED SIGN-IN BRUTE FORCE,185.117.195.28,1
2026-05-25 02:07:22.041807,vm-db-02,FAILED SIGN-IN BRUTE FORCE,185.30.107.175,1
2026-05-24 05:41:22.041810,vm-web-01,Token issued,10.0.0.85,0
2026-05-24 13:33:22.041813,vm-db-02,Sign-in success,10.0.0.81,0
2026-05-28 06:26:22.041816,vm-ad-01,Token issued,10.0.0.146,0
2026-05-28 09:36:22.041819,vm-linux-03,MFA challenge,10.0.0.115,0
2026-05-25 01:18:22.041821,vm-ad-01,Token issued,10.0.0.244,0
2026-05-24 02:24:22.041824,vm-linux-03,Token issued,10.0.0.164,0
2026-05-22 04:10:22.041827,vm-web-01,MFA challenge,10.0.0.223,0
2026-05-25 15:34:22.041830,vm-db-02,Sign-in failed,10.0.0.8,0
2026-05-28 13:13:22.041832,vm-db-02,MFA challenge,10.0.0.79,0
2026-05-24 00:12:22.041835,vm-db-02,Token issued,10.0.0.191,0
2026-05-26 01:18:22.041838,vm-ad-01,Sign-in success,10.0.0.211,0
2026-05-24 03:24:22.041843,vm-linux-03,FAILED SIGN-IN BRUTE FORCE,185.99.105.178,1
2026-05-22 07:47:22.041847,vm-web-01,FAILED SIGN-IN BRUTE FORCE,185.19.11.119,1
2026-05-28 07:06:22.041851,vm-db-02,FAILED SIGN-IN BRUTE FORCE,185.154.119.251,1
2026-05-27 12:51:22.041854,vm-db-02,Sign-in success,10.0.0.42,0
2026-05-25 08:03:22.041858,vm-linux-03,MFA challenge,10.0.0.140,0
2026-05-21 18:53:22.041861,vm-web-01,MFA challenge,10.0.0.169,0
2026-05-25 05:19:22.041864,vm-linux-03,MFA challenge,10.0.0.205,0
2026-05-28 10:36:22.041866,vm-linux-03,Sign-in success,10.0.0.74,0
2026-05-28 14:31:22.041870,vm-web-01,FAILED SIGN-IN BRUTE FORCE,185.63.171.224,1
2026-05-25 17:14:22.041874,vm-web-01,FAILED SIGN-IN BRUTE FORCE,185.136.3.125,1
2026-05-25 18:09:22.041877,vm-db-02,MFA challenge,10.0.0.244,0
2026-05-28 12:54:22.041882,vm-web-01,FAILED SIGN-IN BRUTE FORCE,185.96.142.80,1
2026-05-24 19:48:22.041886,vm-web-01,FAILED SIGN-IN BRUTE FORCE,185.56.234.234,1
2026-05-23 03:06:22.041889,vm-web-01,MFA challenge,10.0.0.117,0
2026-05-22 11:22:22.041893,vm-db-02,FAILED SIGN-IN BRUTE FORCE,185.6.6.249,1
2026-05-24 21:04:22.041895,vm-db-02,Sign-in failed,10.0.0.64,0
2026-05-23 14:42:22.041899,vm-web-01,FAILED SIGN-IN BRUTE FORCE,185.22.249.158,1
2026-05-22 23:41:22.041902,vm-db-02,Token issued,10.0.0.171,0
2026-05-24 12:49:22.041905,vm-web-01,Token issued,10.0.0.23,0
2026-05-24 20:28:22.041908,vm-linux-03,Sign-in success,10.0.0.210,0
2026-05-22 15:08:22.041912,vm-web-01,FAILED SIGN-IN BRUTE FORCE,185.104.249.3,1
2026-05-23 15:39:22.041915,vm-linux-03,MFA challenge,10.0.0.108,0
2026-05-24 15:20:22.041919,vm-db-02,FAILED SIGN-IN BRUTE FORCE,185.13.151.152,1
2026-05-28 14:16:22.041922,vm-ad-01,Sign-in failed,10.0.0.253,0
2026-05-25 13:03:22.041925,vm-linux-03,MFA challenge,10.0.0.249,0
2026-05-21 19:55:22.041928,vm-linux-03,Sign-in failed,10.0.0.68,0
2026-05-27 08:56:22.041930,vm-ad-01,Sign-in success,10.0.0.65,0
2026-05-24 13:17:22.041933,vm-linux-03,Sign-in success,10.0.0.124,0
2026-05-25 04:54:22.041937,vm-web-01,FAILED SIGN-IN BRUTE FORCE,185.44.249.179,1
2026-05-27 13:44:22.041940,vm-web-01,Sign-in failed,10.0.0.187,0
2026-05-26 06:14:22.041942,vm-linux-03,Sign-in success,10.0.0.33,0
2026-05-22 22:01:22.041945,vm-web-01,Sign-in success,10.0.0.215,0
2026-05-24 14:30:22.041949,vm-web-01,MFA challenge,10.0.0.175,0
2026-05-26 07:50:22.041951,vm-linux-03,Sign-in success,10.0.0.40,0
2026-05-26 07:02:22.041956,vm-db-02,FAILED SIGN-IN BRUTE FORCE,185.216.239.190,1
2026-05-24 07:45:22.041958,vm-linux-03,Token issued,10.0.0.144,0
2026-05-24 09:32:22.041962,vm-ad-01,Token issued,10.0.0.43,0
2026-05-24 09:21:22.041964,vm-ad-01,MFA challenge,10.0.0.217,0
2026-05-28 08:06:22.041967,vm-db-02,MFA challenge,10.0.0.228,0
2026-05-24 18:11:22.041970,vm-linux-03,Sign-in success,10.0.0.239,0
2026-05-27 21:53:22.041973,vm-linux-03,Token issued,10.0.0.44,0
2026-05-21 22:59:22.041976,vm-linux-03,MFA challenge,10.0.0.39,0
2026-05-26 23:37:22.041978,vm-linux-03,Token issued,10.0.0.115,0
2026-05-23 05:30:22.041981,vm-web-01,MFA challenge,10.0.0.180,0
2026-05-26 16:26:22.041984,vm-ad-01,Token issued,10.0.0.131,0
2026-05-25 00:12:22.041987,vm-db-02,MFA challenge,10.0.0.223,0
2026-05-24 06:04:22.041990,vm-web-01,Sign-in success,10.0.0.79,0
2026-05-28 11:50:22.041992,vm-linux-03,Sign-in failed,10.0.0.144,0
2026-05-23 21:16:22.041995,vm-db-02,Token issued,10.0.0.184,0
2026-05-27 09:40:22.041999,vm-ad-01,FAILED SIGN-IN BRUTE FORCE,185.55.165.30,1
2026-05-24 20:23:22.042002,vm-ad-01,Token issued,10.0.0.245,0
2026-05-25 15:16:22.042005,vm-web-01,Sign-in failed,10.0.0.151,0
2026-05-22 22:06:22.042008,vm-db-02,MFA challenge,10.0.0.68,0
2026-05-25 21:38:22.042012,vm-ad-01,FAILED SIGN-IN BRUTE FORCE,185.56.52.152,1
2026-05-27 20:18:22.042016,vm-db-02,FAILED SIGN-IN BRUTE FORCE,185.18.43.210,1
2026-05-25 07:49:22.042019,vm-db-02,Sign-in failed,10.0.0.241,0
2026-05-21 19:21:22.042023,vm-linux-03,FAILED SIGN-IN BRUTE FORCE,185.239.95.203,1
2026-05-24 23:32:22.042026,vm-db-02,Sign-in failed,10.0.0.125,0
2026-05-27 13:28:22.042031,vm-db-02,FAILED SIGN-IN BRUTE FORCE,185.50.63.118,1
2026-05-28 11:53:22.042033,vm-web-01,Sign-in success,10.0.0.25,0
2026-05-25 14:52:22.042036,vm-web-01,Token issued,10.0.0.13,0
2026-05-22 14:10:22.042040,vm-db-02,FAILED SIGN-IN BRUTE FORCE,185.44.223.170,1
2026-05-22 03:41:22.042042,vm-db-02,Sign-in success,10.0.0.46,0
2026-05-27 17:59:22.042045,vm-web-01,Token issued,10.0.0.94,0
2026-05-21 19:31:22.042049,vm-linux-03,Sign-in failed,10.0.0.66,0
2026-05-22 01:33:22.042052,vm-ad-01,Token issued,10.0.0.190,0
2026-05-24 08:43:22.042056,vm-ad-01,FAILED SIGN-IN BRUTE FORCE,185.22.197.255,1
2026-05-24 14:21:22.042058,vm-db-02,Sign-in failed,10.0.0.105,0
2026-05-23 04:54:22.042062,vm-ad-01,MFA challenge,10.0.0.150,0
2026-05-24 13:49:22.042064,vm-db-02,Token issued,10.0.0.86,0
2026-05-26 06:53:22.042068,vm-web-01,Sign-in success,10.0.0.78,0
2026-05-28 14:27:22.042070,vm-linux-03,Token issued,10.0.0.250,0
2026-05-22 15:01:22.042073,vm-db-02,Token issued,10.0.0.127,0
2026-05-27 05:14:22.042077,vm-db-02,FAILED SIGN-IN BRUTE FORCE,185.243.70.159,1
2026-05-24 18:56:22.042080,vm-web-01,Sign-in success,10.0.0.52,0
2026-05-28 03:11:22.042082,vm-db-02,Sign-in failed,10.0.0.254,0
2026-05-21 19:41:22.042086,vm-web-01,FAILED SIGN-IN BRUTE FORCE,185.206.231.69,1
2026-05-25 17:20:22.042089,vm-web-01,Sign-in failed,10.0.0.163,0
2026-05-28 07:26:22.042091,vm-ad-01,MFA challenge,10.0.0.106,0
2026-05-25 05:56:22.042094,vm-linux-03,MFA challenge,10.0.0.151,0
2026-05-24 15:28:22.042096,vm-db-02,Token issued,10.0.0.121,0
2026-05-25 18:56:22.042099,vm-db-02,Sign-in failed,10.0.0.51,0
2026-05-25 10:29:22.042101,vm-web-01,MFA challenge,10.0.0.87,0
2026-05-26 21:43:22.042105,vm-ad-01,FAILED SIGN-IN BRUTE FORCE,185.102.77.67,1
2026-05-23 22:54:22.042108,vm-db-02,Sign-in failed,10.0.0.251,0
2026-05-28 11:00:22.042111,vm-ad-01,FAILED SIGN-IN BRUTE FORCE,185.40.140.249,1
2026-05-26 20:30:22.042114,vm-web-01,Sign-in success,10.0.0.180,0
2026-05-25 09:41:22.042117,vm-linux-03,Token issued,10.0.0.106,0
2026-05-24 00:53:22.042119,vm-db-02,Sign-in failed,10.0.0.148,0
2026-05-27 21:10:22.042122,vm-ad-01,Sign-in failed,10.0.0.125,0
2026-05-27 22:30:22.042125,vm-web-01,MFA challenge,10.0.0.174,0
2026-05-28 01:28:22.042127,vm-linux-03,Sign-in failed,10.0.0.215,0
2026-05-25 07:11:22.042130,vm-db-02,Sign-in failed,10.0.0.200,0
2026-05-22 01:10:22.042133,vm-web-01,Token issued,10.0.0.43,0
2026-05-25 12:05:22.042135,vm-web-01,Sign-in failed,10.0.0.249,0
2026-05-26 10:50:22.042138,vm-web-01,MFA challenge,10.0.0.171,0
2026-05-22 12:07:22.042141,vm-linux-03,MFA challenge,10.0.0.234,0
2026-05-24 05:59:22.042144,vm-linux-03,Token issued,10.0.0.255,0
2026-05-23 08:53:22.042147,vm-ad-01,FAILED SIGN-IN BRUTE FORCE,185.120.163.206,1
2026-05-24 22:44:22.042151,vm-ad-01,Token issued,10.0.0.149,0
2026-05-23 20:50:22.042153,vm-web-01,Sign-in failed,10.0.0.12,0
2026-05-27 07:46:22.042156,vm-ad-01,Sign-in failed,10.0.0.104,0
2026-05-27 03:45:22.042160,vm-web-01,FAILED SIGN-IN BRUTE FORCE,185.237.160.94,1
2026-05-26 21:19:22.042162,vm-web-01,Sign-in success,10.0.0.55,0
2026-05-22 11:51:22.042165,vm-db-02,MFA challenge,10.0.0.248,0
2026-05-27 22:05:22.042167,vm-ad-01,MFA challenge,10.0.0.133,0
2026-05-27 18:27:22.042170,vm-ad-01,MFA challenge,10.0.0.70,0
2026-05-26 15:12:22.042173,vm-ad-01,Token issued,10.0.0.249,0
2026-05-26 22:02:22.042177,vm-ad-01,FAILED SIGN-IN BRUTE FORCE,185.235.244.1,1
2026-05-26 16:30:22.042179,vm-web-01,Token issued,10.0.0.118,0
2026-05-22 19:13:22.042182,vm-linux-03,Sign-in success,10.0.0.131,0
2026-05-23 23:34:22.042184,vm-db-02,Sign-in failed,10.0.0.14,0
2026-05-22 00:17:22.042187,vm-web-01,Sign-in failed,10.0.0.106,0
2026-05-25 04:16:22.042190,vm-web-01,Token issued,10.0.0.144,0
2026-05-25 01:50:22.042193,vm-web-01,FAILED SIGN-IN BRUTE FORCE,185.79.42.2,1
2026-05-23 08:32:22.042196,vm-db-02,Sign-in success,10.0.0.91,0
2026-05-21 18:09:22.042199,vm-db-02,MFA challenge,10.0.0.119,0
2026-05-27 17:54:22.042203,vm-linux-03,FAILED SIGN-IN BRUTE FORCE,185.49.125.102,1
2026-05-25 04:15:22.042205,vm-linux-03,MFA challenge,10.0.0.198,0
2026-05-26 14:37:22.042208,vm-db-02,Token issued,10.0.0.155,0
2026-05-24 11:01:22.042210,vm-linux-03,Token issued,10.0.0.114,0
2026-05-28 07:00:22.042214,vm-linux-03,FAILED SIGN-IN BRUTE FORCE,185.200.154.64,1
2026-05-26 19:03:22.042217,vm-linux-03,Token issued,10.0.0.65,0
2026-05-22 20:10:22.042219,vm-linux-03,MFA challenge,10.0.0.43,0
2026-05-25 17:24:22.042222,vm-ad-01,MFA challenge,10.0.0.189,0
2026-05-26 08:21:22.042226,vm-web-01,FAILED SIGN-IN BRUTE FORCE,185.54.124.72,1
2026-05-26 12:58:22.042228,vm-db-02,Token issued,10.0.0.102,0
2026-05-25 13:04:22.042231,vm-linux-03,Sign-in failed,10.0.0.184,0
2026-05-23 04:21:22.042234,vm-web-01,Sign-in failed,10.0.0.177,0
2026-05-26 16:12:22.042237,vm-linux-03,Token issued,10.0.0.178,0
2026-05-26 21:56:22.042239,vm-db-02,Sign-in failed,10.0.0.174,0
2026-05-25 12:59:22.042243,vm-linux-03,Sign-in failed,10.0.0.17,0
2026-05-24 18:23:22.042246,vm-linux-03,FAILED SIGN-IN BRUTE FORCE,185.48.230.144,1
2026-05-26 04:31:22.042250,vm-web-01,FAILED SIGN-IN BRUTE FORCE,185.226.44.156,1
2026-05-26 22:59:22.042253,vm-web-01,Sign-in success,10.0.0.117,0
2026-05-26 02:16:22.042255,vm-ad-01,MFA challenge,10.0.0.132,0
2026-05-23 21:44:22.042259,vm-db-02,MFA challenge,10.0.0.4,0
2026-05-22 03:45:22.042261,vm-db-02,Token issued,10.0.0.78,0
2026-05-25 09:59:22.042264,vm-db-02,Sign-in failed,10.0.0.148,0
2026-05-24 20:25:22.042266,vm-web-01,Sign-in success,10.0.0.199,0
2026-05-21 22:08:22.042269,vm-web-01,Token issued,10.0.0.98,0
2026-05-26 16:41:22.042271,vm-ad-01,MFA challenge,10.0.0.223,0
2026-05-27 08:59:22.042274,vm-linux-03,Sign-in success,10.0.0.186,0
2026-05-23 01:00:22.042277,vm-web-01,FAILED SIGN-IN BRUTE FORCE,185.69.202.162,1
2026-05-27 02:36:22.042280,vm-linux-03,MFA challenge,10.0.0.114,0
2026-05-25 21:55:22.042284,vm-web-01,FAILED SIGN-IN BRUTE FORCE,185.142.33.132,1
2026-05-24 08:51:22.042286,vm-ad-01,MFA challenge,10.0.0.11,0
2026-05-26 22:46:22.042289,vm-web-01,Token issued,10.0.0.242,0
2026-05-23 17:38:22.042291,vm-web-01,MFA challenge,10.0.0.156,0
2026-05-24 00:14:22.042295,vm-linux-03,MFA challenge,10.0.0.153,0
2026-05-23 11:56:22.042297,vm-db-02,Sign-in failed,10.0.0.84,0
2026-05-23 07:45:22.042300,vm-linux-03,Token issued,10.0.0.209,0
2026-05-24 14:46:22.042303,vm-ad-01,FAILED SIGN-IN BRUTE FORCE,185.133.228.7,1
2026-05-27 01:23:22.042306,vm-linux-03,Sign-in failed,10.0.0.228,0
2026-05-28 07:33:22.042308,vm-ad-01,MFA challenge,10.0.0.64,0
2026-05-28 15:28:22.042311,vm-web-01,Sign-in success,10.0.0.180,0
2026-05-24 03:27:22.042313,vm-web-01,Sign-in failed,10.0.0.205,0
2026-05-23 08:29:22.042317,vm-web-01,FAILED SIGN-IN BRUTE FORCE,185.253.113.114,1
2026-05-23 00:34:22.042320,vm-web-01,Sign-in success,10.0.0.88,0
2026-05-26 12:30:22.042323,vm-db-02,Sign-in failed,10.0.0.30,0
2026-05-22 05:42:22.042326,vm-ad-01,Sign-in success,10.0.0.229,0
2026-05-26 09:09:22.042328,vm-db-02,Token issued,10.0.0.119,0
2026-05-28 04:18:22.042332,vm-ad-01,FAILED SIGN-IN BRUTE FORCE,185.215.176.176,1
2026-05-27 13:51:22.042335,vm-db-02,Token issued,10.0.0.107,0
2026-05-22 09:41:22.042339,vm-web-01,FAILED SIGN-IN BRUTE FORCE,185.132.165.201,1
2026-05-27 10:24:22.042342,vm-web-01,Token issued,10.0.0.49,0
2026-05-28 13:42:22.042344,vm-db-02,Token issued,10.0.0.84,0
2026-05-27 21:09:22.042347,vm-db-02,Sign-in success,10.0.0.1,0
2026-05-25 05:56:22.042351,vm-web-01,FAILED SIGN-IN BRUTE FORCE,185.48.44.237,1
2026-05-24 07:16:22.042354,vm-ad-01,Sign-in failed,10.0.0.223,0
2026-05-23 08:36:22.042356,vm-db-02,Sign-in failed,10.0.0.185,0
2026-05-23 08:07:22.042359,vm-db-02,MFA challenge,10.0.0.202,0
2026-05-26 05:22:22.042362,vm-ad-01,FAILED SIGN-IN BRUTE FORCE,185.24.43.130,1
2026-05-25 18:14:22.042365,vm-db-02,Token issued,10.0.0.234,0
2026-05-26 09:29:22.042367,vm-linux-03,Token issued,10.0.0.224,0
2026-05-22 06:28:22.042370,vm-db-02,MFA challenge,10.0.0.87,0
2026-05-25 02:52:22.042372,vm-ad-01,Sign-in failed,10.0.0.24,0
2026-05-22 04:51:22.042376,vm-db-02,FAILED SIGN-IN BRUTE FORCE,185.155.157.58,1
2026-05-22 16:45:22.042379,vm-linux-03,Sign-in success,10.0.0.162,0
2026-05-24 12:29:22.042381,vm-ad-01,Sign-in success,10.0.0.26,0
2026-05-27 02:18:22.042384,vm-web-01,MFA challenge,10.0.0.107,0
2026-05-27 00:54:22.042387,vm-ad-01,Sign-in failed,10.0.0.225,0
2026-05-24 10:46:22.042390,vm-ad-01,FAILED SIGN-IN BRUTE FORCE,185.57.121.30,1
2026-05-22 14:57:22.042393,vm-db-02,Token issued,10.0.0.180,0
2026-05-28 15:22:22.042396,vm-linux-03,MFA challenge,10.0.0.98,0
2026-05-25 14:12:22.042399,vm-linux-03,FAILED SIGN-IN BRUTE FORCE,185.54.80.166,1
2026-05-25 12:10:22.042402,vm-db-02,Token issued,10.0.0.105,0
2026-05-21 22:56:22.042406,vm-linux-03,FAILED SIGN-IN BRUTE FORCE,185.120.16.175,1
2026-05-26 21:01:22.042408,vm-ad-01,Sign-in success,10.0.0.188,0
2026-05-25 15:11:22.042411,vm-web-01,Sign-in success,10.0.0.62,0
2026-05-25 20:33:22.042413,vm-web-01,MFA challenge,10.0.0.126,0
2026-05-26 05:21:22.042417,vm-web-01,MFA challenge,10.0.0.33,0
2026-05-25 03:12:22.042419,vm-web-01,Sign-in success,10.0.0.20,0
2026-05-24 15:48:22.042422,vm-web-01,MFA challenge,10.0.0.108,0
2026-05-27 06:09:22.042424,vm-web-01,Sign-in failed,10.0.0.222,0
2026-05-23 03:34:22.042431,vm-ad-01,MFA challenge,10.0.0.59,0
2026-05-27 21:17:22.042434,vm-linux-03,Sign-in success,10.0.0.248,0
2026-05-25 23:38:22.042437,vm-linux-03,MFA challenge,10.0.0.55,0
2026-05-21 20:42:22.042439,vm-ad-01,MFA challenge,10.0.0.203,0
2026-05-24 08:02:22.042442,vm-linux-03,MFA challenge,10.0.0.246,0
2026-05-22 02:27:22.042445,vm-ad-01,Sign-in success,10.0.0.7,0
2026-05-24 00:01:22.042447,vm-linux-03,Token issued,10.0.0.58,0
2026-05-27 07:33:22.042450,vm-ad-01,Sign-in success,10.0.0.171,0
2026-05-23 06:26:22.042454,vm-web-01,FAILED SIGN-IN BRUTE FORCE,185.67.212.72,1
2026-05-27 13:56:22.042456,vm-ad-01,Token issued,10.0.0.239,0
2026-05-28 15:51:22.042459,vm-linux-03,Sign-in failed,10.0.0.239,0
2026-05-28 06:08:22.042463,vm-db-02,FAILED SIGN-IN BRUTE FORCE,185.52.196.224,1
2026-05-23 04:56:22.042465,vm-linux-03,Sign-in failed,10.0.0.248,0
2026-05-22 03:00:22.042468,vm-db-02,Token issued,10.0.0.4,0
2026-05-27 06:45:22.042470,vm-web-01,MFA challenge,10.0.0.252,0
2026-05-27 16:12:22.042473,vm-ad-01,Sign-in success,10.0.0.153,0
2026-05-24 14:33:22.042475,vm-ad-01,Token issued,10.0.0.140,0
2026-05-24 02:34:22.042478,vm-db-02,Token issued,10.0.0.152,0
2026-05-25 12:44:22.042480,vm-web-01,MFA challenge,10.0.0.255,0
2026-05-26 22:26:22.042482,vm-web-01,Token issued,10.0.0.113,0
2026-05-27 02:51:22.042485,vm-db-02,Sign-in success,10.0.0.8,0
2026-05-24 16:46:22.042488,vm-db-02,Sign-in success,10.0.0.163,0
2026-05-23 16:24:22.042490,vm-ad-01,Sign-in success,10.0.0.139,0
2026-05-22 16:21:22.042493,vm-linux-03,Sign-in success,10.0.0.134,0
2026-05-21 23:11:22.042495,vm-db-02,MFA challenge,10.0.0.80,0
2026-05-27 17:09:22.042499,vm-db-02,FAILED SIGN-IN BRUTE FORCE,185.129.238.147,1
2026-05-27 05:54:22.042502,vm-linux-03,Sign-in failed,10.0.0.126,0
2026-05-23 23:16:22.042504,vm-web-01,Sign-in success,10.0.0.73,0
2026-05-23 10:18:22.042508,vm-db-02,Sign-in success,10.0.0.13,0
2026-05-25 02:19:22.042512,vm-ad-01,FAILED SIGN-IN BRUTE FORCE,185.31.155.195,1
2026-05-27 13:08:22.042515,vm-web-01,Token issued,10.0.0.134,0
2026-05-22 12:16:22.042517,vm-ad-01,Sign-in failed,10.0.0.99,0
2026-05-24 18:13:22.042520,vm-db-02,Sign-in success,10.0.0.254,0
2026-05-25 12:59:22.042524,vm-db-02,FAILED SIGN-IN BRUTE FORCE,185.169.87.136,1
2026-05-24 18:24:22.042526,vm-web-01,Sign-in failed,10.0.0.221,0
2026-05-23 05:39:22.042529,vm-ad-01,Sign-in success,10.0.0.32,0
2026-05-28 10:26:22.042532,vm-ad-01,Sign-in success,10.0.0.105,0
2026-05-26 01:43:22.042535,vm-linux-03,Sign-in failed,10.0.0.239,0
2026-05-22 00:18:22.042537,vm-ad-01,MFA challenge,10.0.0.137,0
2026-05-21 19:58:22.042542,vm-linux-03,FAILED SIGN-IN BRUTE FORCE,185.158.96.62,1
2026-05-24 16:31:22.042545,vm-linux-03,MFA challenge,10.0.0.238,0
2026-05-23 11:48:22.042548,vm-db-02,Sign-in failed,10.0.0.121,0
2026-05-28 09:26:22.042550,vm-web-01,MFA challenge,10.0.0.171,0
2026-05-28 10:34:22.042553,vm-db-02,Sign-in success,10.0.0.130,0
2026-05-22 00:08:22.042557,vm-web-01,FAILED SIGN-IN BRUTE FORCE,185.19.242.112,1
2026-05-26 01:16:22.042559,vm-web-01,Sign-in failed,10.0.0.211,0
2026-05-24 11:56:22.042562,vm-linux-03,Sign-in success,10.0.0.66,0
2026-05-22 13:11:22.042564,vm-web-01,Sign-in success,10.0.0.122,0
2026-05-28 01:53:22.042567,vm-db-02,Sign-in failed,10.0.0.26,0
2026-05-21 22:23:22.042569,vm-db-02,Token issued,10.0.0.144,0
2026-05-25 03:07:22.042572,vm-web-01,Sign-in failed,10.0.0.105,0
2026-05-24 04:05:22.042576,vm-ad-01,FAILED SIGN-IN BRUTE FORCE,185.1.209.152,1
2026-05-21 18:44:22.042578,vm-db-02,Sign-in success,10.0.0.228,0
2026-05-27 00:08:22.042581,vm-linux-03,Sign-in failed,10.0.0.11,0
2026-05-22 11:09:22.042583,vm-web-01,Sign-in success,10.0.0.25,0
2026-05-22 16:12:22.042586,vm-db-02,Sign-in failed,10.0.0.101,0
2026-05-22 15:10:22.042588,vm-db-02,Sign-in failed,10.0.0.142,0
2026-05-28 14:09:22.042591,vm-db-02,Sign-in failed,10.0.0.10,0
2026-05-23 04:36:22.042593,vm-db-02,MFA challenge,10.0.0.30,0
2026-05-24 05:41:22.042596,vm-web-01,Sign-in failed,10.0.0.214,0
2026-05-24 21:28:22.042599,vm-web-01,Sign-in success,10.0.0.131,0
2026-05-22 07:52:22.042601,vm-web-01,Sign-in failed,10.0.0.162,0
2026-05-28 10:39:22.042605,vm-linux-03,FAILED SIGN-IN BRUTE FORCE,185.207.159.83,1
2026-05-28 09:13:22.042608,vm-ad-01,Sign-in failed,10.0.0.123,0
2026-05-23 13:08:22.042612,vm-ad-01,FAILED SIGN-IN BRUTE FORCE,185.102.80.34,1
2026-05-26 00:38:22.042615,vm-web-01,Sign-in success,10.0.0.151,0
2026-05-25 05:03:22.042617,vm-ad-01,Token issued,10.0.0.218,0
2026-05-24 10:09:22.042620,vm-db-02,MFA challenge,10.0.0.215,0
2026-05-25 04:22:22.042624,vm-db-02,FAILED SIGN-IN BRUTE FORCE,185.235.72.111,1
2026-05-24 09:25:22.042626,vm-db-02,Sign-in success,10.0.0.173,0
2026-05-28 14:11:22.042629,vm-ad-01,MFA challenge,10.0.0.174,0
2026-05-25 14:04:22.042631,vm-ad-01,Sign-in success,10.0.0.229,0
2026-05-21 20:56:22.042634,vm-web-01,MFA challenge,10.0.0.127,0
2026-05-21 21:43:22.042638,vm-web-01,FAILED SIGN-IN BRUTE FORCE,185.147.222.49,1
2026-05-27 06:43:22.042641,vm-web-01,Sign-in failed,10.0.0.249,0
2026-05-27 10:27:22.042643,vm-web-01,Token issued,10.0.0.124,0
2026-05-24 15:54:22.042646,vm-ad-01,Sign-in success,10.0.0.129,0
2026-05-25 20:17:22.042649,vm-web-01,Sign-in failed,10.0.0.107,0
2026-05-23 17:15:22.042652,vm-db-02,Sign-in success,10.0.0.37,0
2026-05-22 07:40:22.042655,vm-db-02,MFA challenge,10.0.0.218,0
2026-05-22 05:16:22.042659,vm-ad-01,FAILED SIGN-IN BRUTE FORCE,185.86.225.207,1
2026-05-26 08:34:22.042661,vm-linux-03,Sign-in success,10.0.0.218,0
2026-05-27 19:25:22.042664,vm-linux-03,MFA challenge,10.0.0.30,0
2026-05-25 13:38:22.042666,vm-ad-01,MFA challenge,10.0.0.100,0
2026-05-24 22:25:22.042669,vm-web-01,Sign-in failed,10.0.0.42,0
2026-05-24 16:30:22.042671,vm-db-02,Token issued,10.0.0.28,0
2026-05-26 11:19:22.042674,vm-linux-03,Sign-in failed,10.0.0.232,0
2026-05-23 20:58:22.042676,vm-web-01,MFA challenge,10.0.0.15,0
2026-05-26 18:59:22.042679,vm-ad-01,MFA challenge,10.0.0.241,0
2026-05-24 23:36:22.042683,vm-web-01,FAILED SIGN-IN BRUTE FORCE,185.53.208.40,1
2026-05-23 04:17:22.042685,vm-ad-01,Sign-in success,10.0.0.30,0
2026-05-25 14:21:22.042688,vm-db-02,Token issued,10.0.0.248,0
2026-05-23 10:36:22.042691,vm-linux-03,Sign-in failed,10.0.0.85,0
2026-05-23 06:35:22.042693,vm-db-02,Sign-in failed,10.0.0.217,0
2026-05-22 02:57:22.042696,vm-db-02,Sign-in success,10.0.0.239,0
2026-05-22 23:14:22.042698,vm-ad-01,MFA challenge,10.0.0.78,0
2026-05-24 22:26:22.042702,vm-web-01,Sign-in failed,10.0.0.23,0
2026-05-24 02:55:22.042704,vm-web-01,Sign-in success,10.0.0.171,0
2026-05-27 07:40:22.042708,vm-web-01,FAILED SIGN-IN BRUTE FORCE,185.224.64.83,1
2026-05-25 00:44:22.042710,vm-ad-01,Sign-in success,10.0.0.70,0
2026-05-22 19:43:22.042713,vm-db-02,Sign-in failed,10.0.0.1,0
2026-05-22 16:35:22.042715,vm-linux-03,Sign-in success,10.0.0.43,0
2026-05-21 19:38:22.042718,vm-web-01,Token issued,10.0.0.200,0
2026-05-25 05:17:22.042720,vm-db-02,Sign-in failed,10.0.0.243,0
2026-05-27 06:56:22.042724,vm-ad-01,FAILED SIGN-IN BRUTE FORCE,185.1.73.188,1
2026-05-25 07:58:22.042728,vm-web-01,FAILED SIGN-IN BRUTE FORCE,185.224.201.187,1
2026-05-25 21:03:22.042731,vm-linux-03,MFA challenge,10.0.0.67,0
2026-05-22 03:33:22.042733,vm-linux-03,MFA challenge,10.0.0.246,0
2026-05-23 08:23:22.042736,vm-ad-01,MFA challenge,10.0.0.248,0
2026-05-28 04:12:22.042738,vm-linux-03,Sign-in failed,10.0.0.118,0
2026-05-23 21:46:22.042741,vm-ad-01,Token issued,10.0.0.153,0
2026-05-27 16:24:22.042743,vm-db-02,Sign-in failed,10.0.0.252,0
2026-05-26 00:10:22.042746,vm-db-02,Sign-in failed,10.0.0.6,0
2026-05-25 03:41:22.042749,vm-linux-03,Sign-in success,10.0.0.176,0
2026-05-28 16:01:22.042751,vm-db-02,Token issued,10.0.0.99,0
2026-05-24 01:49:22.042755,vm-linux-03,FAILED SIGN-IN BRUTE FORCE,185.162.211.240,1
2026-05-27 19:48:22.042758,vm-web-01,Token issued,10.0.0.3,0
2026-05-26 20:31:22.042760,vm-ad-01,Token issued,10.0.0.231,0
2026-05-27 09:10:22.042764,vm-db-02,FAILED SIGN-IN BRUTE FORCE,185.12.228.137,1
2026-05-27 00:50:22.042767,vm-ad-01,Sign-in failed,10.0.0.73,0
2026-05-25 21:09:22.042770,vm-ad-01,Sign-in failed,10.0.0.154,0
2026-05-27 17:47:22.042772,vm-web-01,Sign-in failed,10.0.0.211,0
2026-05-22 17:37:22.042775,vm-linux-03,Sign-in failed,10.0.0.17,0
2026-05-25 11:51:22.042777,vm-web-01,Sign-in success,10.0.0.155,0
2026-05-25 05:25:22.042780,vm-db-02,Sign-in success,10.0.0.27,0
2026-05-22 11:10:22.042783,vm-ad-01,Sign-in success,10.0.0.22,0
2026-05-27 10:11:22.042785,vm-db-02,Sign-in failed,10.0.0.142,0
2026-05-25 01:07:22.042789,vm-web-01,FAILED SIGN-IN BRUTE FORCE,185.203.40.74,1
2026-05-24 15:43:22.042792,vm-web-01,Token issued,10.0.0.12,0
2026-05-23 15:36:22.042795,vm-ad-01,Sign-in success,10.0.0.141,0
2026-05-26 21:46:22.042797,vm-db-02,Sign-in failed,10.0.0.241,0
2026-05-23 02:00:22.042800,vm-db-02,MFA challenge,10.0.0.50,0
2026-05-25 07:25:22.042804,vm-db-02,FAILED SIGN-IN BRUTE FORCE,185.182.163.113,1
2026-05-28 16:05:22.042807,vm-db-02,Sign-in failed,10.0.0.30,0
2026-05-26 12:34:22.042810,vm-linux-03,Sign-in success,10.0.0.194,0
2026-05-22 15:27:22.042814,vm-db-02,FAILED SIGN-IN BRUTE FORCE,185.76.149.173,1
2026-05-23 11:42:22.042818,vm-web-01,FAILED SIGN-IN BRUTE FORCE,185.231.72.122,1
2026-05-27 19:10:22.042820,vm-web-01,Token issued,10.0.0.108,0
2026-05-25 23:26:22.042823,vm-web-01,Token issued,10.0.0.131,0
2026-05-23 23:03:22.042827,vm-ad-01,FAILED SIGN-IN BRUTE FORCE,185.125.227.149,1
2026-05-25 08:31:22.042829,vm-db-02,Sign-in success,10.0.0.51,0
2026-05-28 10:24:22.042832,vm-db-02,Token issued,10.0.0.99,0
2026-05-24 16:45:22.042836,vm-web-01,FAILED SIGN-IN BRUTE FORCE,185.191.197.32,1
2026-05-24 10:49:22.042840,vm-web-01,FAILED SIGN-IN BRUTE FORCE,185.150.168.113,1
2026-05-26 16:09:22.042842,vm-ad-01,Sign-in success,10.0.0.116,0
2026-05-26 07:21:22.042845,vm-web-01,MFA challenge,10.0.0.248,0
2026-05-23 04:17:22.042849,vm-linux-03,FAILED SIGN-IN BRUTE FORCE,185.212.190.233,1
2026-05-26 11:10:22.042851,vm-db-02,Sign-in failed,10.0.0.219,0
2026-05-24 02:15:22.042856,vm-ad-01,FAILED SIGN-IN BRUTE FORCE,185.96.67.5,1
2026-05-28 14:51:22.042859,vm-ad-01,FAILED SIGN-IN BRUTE FORCE,185.18.21.129,1
2026-05-22 14:17:22.042862,vm-linux-03,Sign-in success,10.0.0.21,0
2026-05-25 13:40:22.042865,vm-linux-03,Sign-in success,10.0.0.128,0
2026-05-22 21:16:22.042867,vm-web-01,MFA challenge,10.0.0.253,0
2026-05-24 01:16:22.042870,vm-linux-03,Sign-in success,10.0.0.87,0
2026-05-23 20:06:22.042872,vm-db-02,MFA challenge,10.0.0.151,0
2026-05-22 09:17:22.042877,vm-linux-03,FAILED SIGN-IN BRUTE FORCE,185.17.165.115,1
2026-05-22 22:44:22.042880,vm-ad-01,Sign-in failed,10.0.0.48,0
2026-05-22 12:06:22.042882,vm-linux-03,MFA challenge,10.0.0.107,0
2026-05-25 15:34:22.042885,vm-web-01,Sign-in failed,10.0.0.155,0
2026-05-24 14:43:22.042888,vm-linux-03,Sign-in failed,10.0.0.163,0
2026-05-27 07:37:22.042890,vm-linux-03,Token issued,10.0.0.94,0
2026-05-23 02:36:22.042893,vm-ad-01,Sign-in failed,10.0.0.244,0
2026-05-25 02:54:22.042895,vm-ad-01,Token issued,10.0.0.174,0
2026-05-27 20:15:22.042899,vm-web-01,FAILED SIGN-IN BRUTE FORCE,185.206.234.197,1
2026-05-24 09:46:22.042902,vm-db-02,MFA challenge,10.0.0.36,0
2026-05-22 09:05:22.042904,vm-ad-01,Sign-in success,10.0.0.152,0
2026-05-24 16:34:22.042907,vm-linux-03,Token issued,10.0.0.29,0
2026-05-25 23:32:22.042909,vm-linux-03,Token issued,10.0.0.167,0
2026-05-23 01:26:22.042912,vm-web-01,Token issued,10.0.0.20,0
2026-05-24 19:32:22.042916,vm-linux-03,FAILED SIGN-IN BRUTE FORCE,185.115.212.59,1
2026-05-23 16:43:22.042918,vm-ad-01,Sign-in failed,10.0.0.45,0
2026-05-22 10:34:22.042921,vm-db-02,Sign-in success,10.0.0.111,0
2026-05-23 05:33:22.042923,vm-db-02,MFA challenge,10.0.0.175,0
2026-05-23 23:10:22.042927,vm-ad-01,FAILED SIGN-IN BRUTE FORCE,185.79.43.167,1
2026-05-25 21:40:22.042931,vm-ad-01,FAILED SIGN-IN BRUTE FORCE,185.237.220.140,1
2026-05-22 04:44:22.042935,vm-linux-03,FAILED SIGN-IN BRUTE FORCE,185.168.152.148,1
2026-05-22 05:57:22.042937,vm-linux-03,MFA challenge,10.0.0.60,0
2026-05-28 05:10:22.042940,vm-linux-03,MFA challenge,10.0.0.17,0
2026-05-25 21:38:22.042943,vm-db-02,Sign-in success,10.0.0.128,0
2026-05-23 02:33:22.042946,vm-linux-03,FAILED SIGN-IN BRUTE FORCE,185.252.4.137,1
2026-05-25 02:43:22.042949,vm-linux-03,Sign-in success,10.0.0.193,0
2026-05-25 17:37:22.042951,vm-ad-01,Sign-in failed,10.0.0.230,0
2026-05-25 06:08:22.042954,vm-db-02,Sign-in failed,10.0.0.82,0
2026-05-27 17:54:22.042957,vm-web-01,Token issued,10.0.0.77,0
2026-05-23 03:55:22.042959,vm-linux-03,MFA challenge,10.0.0.42,0
2026-05-26 07:48:22.042962,vm-web-01,Token issued,10.0.0.227,0
2026-05-23 01:52:22.042965,vm-ad-01,Sign-in success,10.0.0.170,0
2026-05-24 11:36:22.042969,vm-db-02,FAILED SIGN-IN BRUTE FORCE,185.43.17.230,1
2026-05-28 08:43:22.042972,vm-db-02,MFA challenge,10.0.0.67,0
2026-05-26 03:44:22.042975,vm-web-01,FAILED SIGN-IN BRUTE FORCE,185.199.111.64,1
2026-05-28 08:54:22.042978,vm-db-02,MFA challenge,10.0.0.169,0
2026-05-28 05:41:22.042981,vm-db-02,MFA challenge,10.0.0.39,0
2026-05-27 16:39:22.042983,vm-ad-01,Sign-in failed,10.0.0.10,0
2026-05-23 20:06:22.042986,vm-db-02,Token issued,10.0.0.161,0
2026-05-22 18:43:22.042988,vm-linux-03,Sign-in failed,10.0.0.44,0
2026-05-23 12:03:22.042991,vm-web-01,MFA challenge,10.0.0.35,0
2026-05-28 05:50:22.042993,vm-db-02,Sign-in success,10.0.0.216,0
2026-05-24 23:11:22.042996,vm-ad-01,Token issued,10.0.0.55,0
2026-05-25 17:39:22.042999,vm-web-01,MFA challenge,10.0.0.139,0
2026-05-25 10:08:22.043001,vm-db-02,MFA challenge,10.0.0.220,0
2026-05-25 23:41:22.043004,vm-linux-03,Sign-in failed,10.0.0.131,0
2026-05-23 17:54:22.043006,vm-linux-03,Sign-in success,10.0.0.163,0
2026-05-23 00:58:22.043010,vm-db-02,FAILED SIGN-IN BRUTE FORCE,185.59.110.42,1
2026-05-25 06:53:22.043013,vm-ad-01,Token issued,10.0.0.39,0
2026-05-24 09:16:22.043015,vm-db-02,Sign-in failed,10.0.0.35,0
2026-05-25 00:28:22.043018,vm-web-01,Sign-in failed,10.0.0.118,0
2026-05-28 00:54:22.043020,vm-ad-01,MFA challenge,10.0.0.209,0
2026-05-22 22:06:22.043023,vm-ad-01,Sign-in failed,10.0.0.93,0
2026-05-26 16:46:22.043026,vm-db-02,Sign-in success,10.0.0.202,0
2026-05-27 14:26:22.043028,vm-linux-03,Token issued,10.0.0.255,0
2026-05-21 21:03:22.043031,vm-web-01,Sign-in success,10.0.0.31,0
2026-05-26 07:03:22.043033,vm-linux-03,Sign-in failed,10.0.0.176,0
2026-05-22 00:53:22.043037,vm-linux-03,FAILED SIGN-IN BRUTE FORCE,185.240.136.114,1
2026-05-25 22:50:22.043041,vm-ad-01,FAILED SIGN-IN BRUTE FORCE,185.4.79.207,1
2026-05-27 05:12:22.043045,vm-web-01,FAILED SIGN-IN BRUTE FORCE,185.112.33.193,1
2026-05-26 18:36:22.043048,vm-ad-01,MFA challenge,10.0.0.123,0
2026-05-26 23:57:22.043051,vm-db-02,Sign-in failed,10.0.0.64,0
2026-05-22 08:18:22.043054,vm-db-02,Token issued,10.0.0.255,0
2026-05-22 18:23:22.043058,vm-ad-01,FAILED SIGN-IN BRUTE FORCE,185.52.146.122,1
2026-05-27 20:44:22.043061,vm-ad-01,Sign-in failed,10.0.0.202,0
2026-05-22 14:06:22.043063,vm-db-02,MFA challenge,10.0.0.238,0
2026-05-24 16:42:22.043066,vm-linux-03,Token issued,10.0.0.84,0
2026-05-24 21:23:22.043070,vm-web-01,FAILED SIGN-IN BRUTE FORCE,185.122.148.92,1
2026-05-24 10:56:22.043073,vm-linux-03,Token issued,10.0.0.125,0
2026-05-28 11:27:22.043076,vm-linux-03,MFA challenge,10.0.0.128,0
2026-05-23 17:11:22.043078,vm-db-02,MFA challenge,10.0.0.142,0
2026-05-24 08:50:22.043081,vm-ad-01,Token issued,10.0.0.190,0
2026-05-25 19:41:22.043083,vm-web-01,MFA challenge,10.0.0.15,0
2026-05-27 21:00:22.043086,vm-linux-03,Token issued,10.0.0.84,0
2026-05-26 07:35:22.043088,vm-db-02,Sign-in failed,10.0.0.116,0
2026-05-23 19:59:22.043091,vm-db-02,MFA challenge,10.0.0.120,0
2026-05-24 05:15:22.043093,vm-linux-03,MFA challenge,10.0.0.43,0
2026-05-26 11:12:22.043096,vm-ad-01,Token issued,10.0.0.68,0
2026-05-26 13:17:22.043098,vm-web-01,Sign-in failed,10.0.0.185,0
2026-05-23 03:59:22.043228,vm-web-01,FAILED SIGN-IN BRUTE FORCE,185.97.193.153,1
2026-05-22 17:24:22.043231,vm-linux-03,Sign-in failed,10.0.0.12,0
2026-05-22 08:47:22.043234,vm-linux-03,Sign-in success,10.0.0.57,0
2026-05-25 05:46:22.043237,vm-linux-03,Token issued,10.0.0.204,0
2026-05-27 03:23:22.043239,vm-ad-01,Sign-in success,10.0.0.56,0
2026-05-27 21:44:22.043243,vm-db-02,FAILED SIGN-IN BRUTE FORCE,185.106.223.99,1
2026-05-24 01:43:22.043247,vm-web-01,FAILED SIGN-IN BRUTE FORCE,185.118.145.245,1
2026-05-28 15:22:22.043251,vm-web-01,FAILED SIGN-IN BRUTE FORCE,185.163.113.233,1
2026-05-23 10:56:22.043253,vm-linux-03,Sign-in failed,10.0.0.16,0
2026-05-26 22:34:22.043257,vm-linux-03,FAILED SIGN-IN BRUTE FORCE,185.120.50.16,1
2026-05-25 11:00:22.043260,vm-db-02,Sign-in success,10.0.0.248,0
2026-05-25 05:36:22.043263,vm-web-01,Sign-in failed,10.0.0.202,0
2026-05-23 21:41:22.043265,vm-web-01,MFA challenge,10.0.0.214,0
2026-05-25 14:01:22.043268,vm-ad-01,MFA challenge,10.0.0.197,0
2026-05-22 00:24:22.043270,vm-linux-03,Sign-in success,10.0.0.203,0
2026-05-21 20:21:22.043273,vm-db-02,Sign-in success,10.0.0.179,0
2026-05-24 19:04:22.043276,vm-web-01,Token issued,10.0.0.7,0
2026-05-25 16:26:22.043279,vm-linux-03,Token issued,10.0.0.115,0
2026-05-21 23:27:22.043283,vm-linux-03,FAILED SIGN-IN BRUTE FORCE,185.152.132.98,1
2026-05-26 00:07:22.043287,vm-web-01,FAILED SIGN-IN BRUTE FORCE,185.44.130.238,1
2026-05-25 00:13:22.043289,vm-linux-03,Sign-in failed,10.0.0.239,0
2026-05-22 06:49:22.043292,vm-ad-01,MFA challenge,10.0.0.110,0
2026-05-22 03:07:22.043295,vm-linux-03,MFA challenge,10.0.0.217,0
2026-05-27 05:36:22.043298,vm-db-02,Sign-in failed,10.0.0.5,0
2026-05-24 03:28:22.043301,vm-linux-03,MFA challenge,10.0.0.164,0
2026-05-24 08:46:22.043303,vm-db-02,Sign-in success,10.0.0.182,0
2026-05-28 13:48:22.043306,vm-ad-01,MFA challenge,10.0.0.92,0
2026-05-22 01:30:22.043308,vm-linux-03,Token issued,10.0.0.23,0
2026-05-24 01:22:22.043311,vm-db-02,Sign-in failed,10.0.0.89,0
2026-05-22 18:13:22.043313,vm-web-01,Sign-in failed,10.0.0.113,0
2026-05-23 04:46:22.043317,vm-linux-03,FAILED SIGN-IN BRUTE FORCE,185.111.126.137,1
2026-05-28 07:57:22.043320,vm-db-02,Sign-in failed,10.0.0.88,0
2026-05-27 18:42:22.043324,vm-linux-03,FAILED SIGN-IN BRUTE FORCE,185.95.151.148,1
2026-05-23 12:04:22.043328,vm-web-01,FAILED SIGN-IN BRUTE FORCE,185.106.251.4,1
2026-05-25 20:22:22.043331,vm-web-01,FAILED SIGN-IN BRUTE FORCE,185.99.12.212,1
2026-05-23 23:17:22.043334,vm-web-01,MFA challenge,10.0.0.104,0
2026-05-25 07:38:22.043338,vm-linux-03,Sign-in success,10.0.0.155,0
2026-05-27 02:30:22.043341,vm-ad-01,FAILED SIGN-IN BRUTE FORCE,185.5.77.98,1
2026-05-24 02:07:22.043345,vm-web-01,FAILED SIGN-IN BRUTE FORCE,185.78.2.40,1
2026-05-22 04:21:22.043348,vm-web-01,Sign-in failed,10.0.0.150,0
2026-05-26 13:25:22.043351,vm-ad-01,Sign-in failed,10.0.0.71,0
2026-05-27 20:39:22.043354,vm-linux-03,FAILED SIGN-IN BRUTE FORCE,185.33.10.96,1
2026-05-27 02:33:22.043357,vm-ad-01,Token issued,10.0.0.187,0
2026-05-26 10:16:22.043360,vm-db-02,Token issued,10.0.0.51,0
2026-05-24 15:24:22.043362,vm-ad-01,MFA challenge,10.0.0.170,0
2026-05-24 10:03:22.043365,vm-web-01,MFA challenge,10.0.0.213,0
2026-05-22 01:47:22.043368,vm-db-02,Sign-in success,10.0.0.232,0
2026-05-27 21:48:22.043371,vm-db-02,Token issued,10.0.0.79,0
2026-05-28 10:10:22.043374,vm-linux-03,MFA challenge,10.0.0.141,0
2026-05-23 08:16:22.043378,vm-ad-01,FAILED SIGN-IN BRUTE FORCE,185.64.67.252,1
2026-05-22 20:36:22.043381,vm-linux-03,Sign-in failed,10.0.0.102,0
2026-05-27 18:11:22.043383,vm-ad-01,Sign-in failed,10.0.0.235,0
2026-05-26 17:43:22.043386,vm-web-01,MFA challenge,10.0.0.78,0
2026-05-24 12:02:22.043389,vm-ad-01,Sign-in success,10.0.0.30,0
2026-05-23 23:11:22.043392,vm-web-01,Token issued,10.0.0.203,0
2026-05-27 16:36:22.043394,vm-db-02,Sign-in success,10.0.0.144,0
2026-05-24 00:19:22.043398,vm-ad-01,FAILED SIGN-IN BRUTE FORCE,185.207.233.189,1
2026-05-23 23:11:22.043400,vm-ad-01,Token issued,10.0.0.69,0
2026-05-27 18:35:22.043403,vm-web-01,Token issued,10.0.0.186,0
2026-05-23 03:18:22.043406,vm-ad-01,Sign-in failed,10.0.0.83,0
2026-05-26 05:13:22.043408,vm-linux-03,Sign-in success,10.0.0.212,0
2026-05-22 20:53:22.043411,vm-linux-03,MFA challenge,10.0.0.202,0
2026-05-24 22:44:22.043414,vm-db-02,MFA challenge,10.0.0.131,0
2026-05-24 07:58:22.043416,vm-ad-01,Sign-in failed,10.0.0.239,0
2026-05-26 06:05:22.043419,vm-ad-01,Token issued,10.0.0.176,0
2026-05-24 08:18:22.043421,vm-ad-01,MFA challenge,10.0.0.247,0
2026-05-24 09:24:22.043425,vm-ad-01,FAILED SIGN-IN BRUTE FORCE,185.241.34.39,1
2026-05-26 03:42:22.043427,vm-ad-01,Token issued,10.0.0.143,0
2026-05-27 10:14:22.043430,vm-ad-01,MFA challenge,10.0.0.159,0
2026-05-28 06:13:22.043434,vm-db-02,FAILED SIGN-IN BRUTE FORCE,185.23.160.30,1
2026-05-23 07:57:22.043436,vm-linux-03,MFA challenge,10.0.0.181,0
2026-05-27 00:17:22.043440,vm-ad-01,FAILED SIGN-IN BRUTE FORCE,185.133.44.38,1
2026-05-27 17:52:22.043443,vm-ad-01,Sign-in success,10.0.0.132,0
2026-05-24 12:22:22.043445,vm-web-01,Token issued,10.0.0.54,0
2026-05-28 02:05:22.043448,vm-ad-01,Sign-in success,10.0.0.185,0
2026-05-22 14:17:22.043450,vm-db-02,Token issued,10.0.0.30,0
2026-05-25 05:18:22.043453,vm-web-01,Sign-in success,10.0.0.12,0
2026-05-22 01:10:22.043457,vm-linux-03,FAILED SIGN-IN BRUTE FORCE,185.151.100.96,1
2026-05-22 09:13:22.043461,vm-web-01,FAILED SIGN-IN BRUTE FORCE,185.66.224.86,1
2026-05-22 19:27:22.043466,vm-web-01,FAILED SIGN-IN BRUTE FORCE,185.44.112.201,1
2026-05-27 01:01:22.043468,vm-ad-01,Sign-in failed,10.0.0.68,0
2026-05-28 06:13:22.043472,vm-web-01,FAILED SIGN-IN BRUTE FORCE,185.105.38.226,1
2026-05-24 03:57:22.043475,vm-db-02,Sign-in failed,10.0.0.52,0
2026-05-23 02:11:22.043477,vm-web-01,Sign-in success,10.0.0.97,0
2026-05-28 14:25:22.043480,vm-db-02,Sign-in success,10.0.0.106,0
2026-05-26 06:05:22.043483,vm-web-01,Sign-in failed,10.0.0.166,0
2026-05-25 10:50:22.043486,vm-web-01,Sign-in failed,10.0.0.147,0
2026-05-27 19:34:22.043489,vm-ad-01,Sign-in success,10.0.0.141,0
2026-05-28 03:22:22.043491,vm-db-02,MFA challenge,10.0.0.110,0
2026-05-26 04:17:22.043494,vm-ad-01,Sign-in failed,10.0.0.177,0
2026-05-23 10:54:22.043496,vm-linux-03,Sign-in success,10.0.0.192,0
2026-05-27 00:56:22.043499,vm-web-01,Sign-in failed,10.0.0.148,0
2026-05-26 03:18:22.043502,vm-ad-01,Sign-in failed,10.0.0.207,0
2026-05-27 00:46:22.043505,vm-db-02,FAILED SIGN-IN BRUTE FORCE,185.129.80.214,1
2026-05-24 11:19:22.043509,vm-linux-03,FAILED SIGN-IN BRUTE FORCE,185.53.52.192,1
2026-05-24 03:15:22.043512,vm-db-02,Sign-in success,10.0.0.49,0
2026-05-23 03:53:22.043514,vm-linux-03,Sign-in success,10.0.0.246,0
2026-05-24 22:48:22.043517,vm-db-02,Token issued,10.0.0.43,0
2026-05-26 21:58:22.043521,vm-web-01,FAILED SIGN-IN BRUTE FORCE,185.178.22.82,1
2026-05-26 17:56:22.043524,vm-web-01,Sign-in failed,10.0.0.238,0
2026-05-25 02:18:22.043527,vm-linux-03,FAILED SIGN-IN BRUTE FORCE,185.161.110.149,1
2026-05-24 14:11:22.043531,vm-web-01,FAILED SIGN-IN BRUTE FORCE,185.172.64.18,1
2026-05-22 04:05:22.043535,vm-ad-01,MFA challenge,10.0.0.70,0
2026-05-23 16:37:22.043537,vm-ad-01,MFA challenge,10.0.0.233,0
2026-05-22 14:44:22.043541,vm-linux-03,FAILED SIGN-IN BRUTE FORCE,185.92.67.183,1
2026-05-26 22:31:22.043544,vm-db-02,MFA challenge,10.0.0.86,0
2026-05-24 16:15:22.043546,vm-ad-01,MFA challenge,10.0.0.3,0
2026-05-25 10:49:22.043549,vm-ad-01,Token issued,10.0.0.16,0
2026-05-25 00:39:22.043552,vm-linux-03,Token issued,10.0.0.225,0
2026-05-26 14:25:22.043554,vm-linux-03,MFA challenge,10.0.0.184,0
2026-05-22 18:11:22.043558,vm-linux-03,Sign-in success,10.0.0.81,0
2026-05-24 02:12:22.043562,vm-db-02,FAILED SIGN-IN BRUTE FORCE,185.182.10.36,1
2026-05-27 09:38:22.043565,vm-ad-01,Sign-in failed,10.0.0.163,0
2026-05-21 22:31:22.043567,vm-linux-03,Sign-in success,10.0.0.132,0
2026-05-26 13:16:22.043570,vm-linux-03,Sign-in failed,10.0.0.60,0
2026-05-25 14:06:22.043667,vm-ad-01,FAILED SIGN-IN BRUTE FORCE,185.34.242.62,1
2026-05-22 08:04:22.043722,vm-web-01,FAILED SIGN-IN BRUTE FORCE,185.133.17.146,1
2026-05-21 19:35:22.043736,vm-ad-01,Token issued,10.0.0.63,0
2026-05-23 01:02:22.043747,vm-ad-01,Sign-in success,10.0.0.180,0
2026-05-23 13:31:22.043760,vm-ad-01,Token issued,10.0.0.159,0
2026-05-27 00:50:22.043771,vm-db-02,MFA challenge,10.0.0.9,0
2026-05-25 04:15:22.043781,vm-db-02,Sign-in success,10.0.0.51,0
2026-05-27 02:58:22.043797,vm-db-02,FAILED SIGN-IN BRUTE FORCE,185.243.189.73,1
2026-05-24 05:09:22.043808,vm-linux-03,Sign-in failed,10.0.0.230,0
2026-05-22 11:55:22.043818,vm-web-01,MFA challenge,10.0.0.122,0
2026-05-27 05:01:22.043834,vm-web-01,FAILED SIGN-IN BRUTE FORCE,185.13.66.199,1
2026-05-27 11:28:22.043847,vm-linux-03,Token issued,10.0.0.155,0
2026-05-25 23:50:22.043855,vm-web-01,FAILED SIGN-IN BRUTE FORCE,185.157.34.152,1
2026-05-25 03:30:22.043859,vm-ad-01,FAILED SIGN-IN BRUTE FORCE,185.104.107.113,1
2026-05-25 15:24:22.043862,vm-web-01,MFA challenge,10.0.0.6,0
2026-05-25 15:53:22.043865,vm-ad-01,Sign-in failed,10.0.0.228,0
2026-05-22 02:18:22.043869,vm-web-01,Sign-in success,10.0.0.191,0
2026-05-24 20:56:22.043872,vm-ad-01,Token issued,10.0.0.250,0
2026-05-25 08:46:22.043875,vm-linux-03,Sign-in success,10.0.0.104,0
2026-05-24 01:41:22.043878,vm-db-02,Sign-in failed,10.0.0.159,0
2026-05-27 05:00:22.043881,vm-linux-03,Sign-in failed,10.0.0.49,0
2026-05-22 12:44:22.043886,vm-linux-03,FAILED SIGN-IN BRUTE FORCE,185.145.53.21,1
2026-05-26 23:24:22.043889,vm-db-02,MFA challenge,10.0.0.51,0
2026-05-23 03:06:22.043892,vm-db-02,Sign-in failed,10.0.0.110,0
2026-05-26 01:22:22.043895,vm-db-02,MFA challenge,10.0.0.36,0
2026-05-28 04:02:22.043898,vm-ad-01,Sign-in failed,10.0.0.14,0
2026-05-23 09:00:22.043901,vm-ad-01,Token issued,10.0.0.184,0
2026-05-26 14:37:22.043904,vm-web-01,Token issued,10.0.0.177,0
2026-05-24 03:43:22.043909,vm-db-02,MFA challenge,10.0.0.194,0
2026-05-25 19:54:22.043912,vm-ad-01,Token issued,10.0.0.67,0
2026-05-27 01:33:22.043915,vm-db-02,Token issued,10.0.0.126,0
2026-05-23 15:50:22.043919,vm-linux-03,MFA challenge,10.0.0.113,0
2026-05-26 08:57:22.043924,vm-linux-03,FAILED SIGN-IN BRUTE FORCE,185.228.253.17,1
2026-05-24 13:26:22.043927,vm-web-01,Token issued,10.0.0.86,0
2026-05-25 16:18:22.043932,vm-web-01,Token issued,10.0.0.228,0
2026-05-26 05:50:22.043937,vm-ad-01,FAILED SIGN-IN BRUTE FORCE,185.210.114.49,1
2026-05-22 03:31:22.043940,vm-ad-01,Sign-in success,10.0.0.153,0
2026-05-22 11:29:22.043944,vm-web-01,FAILED SIGN-IN BRUTE FORCE,185.224.181.15,1
2026-05-25 10:55:22.043947,vm-ad-01,Sign-in success,10.0.0.66,0
2026-05-23 07:59:22.043950,vm-linux-03,Token issued,10.0.0.199,0
2026-05-24 06:52:22.043955,vm-db-02,FAILED SIGN-IN BRUTE FORCE,185.18.14.167,1
2026-05-24 14:53:22.043958,vm-ad-01,Sign-in success,10.0.0.156,0
2026-05-25 11:41:22.043961,vm-db-02,Sign-in success,10.0.0.29,0
2026-05-24 10:54:22.043964,vm-ad-01,Sign-in success,10.0.0.228,0
2026-05-25 13:16:22.043968,vm-web-01,FAILED SIGN-IN BRUTE FORCE,185.162.20.66,1
2026-05-28 04:15:22.043971,vm-db-02,Sign-in failed,10.0.0.115,0
2026-05-21 21:43:22.043974,vm-web-01,Sign-in failed,10.0.0.67,0
2026-05-22 02:50:22.043977,vm-web-01,Sign-in failed,10.0.0.104,0
2026-05-24 22:11:22.043980,vm-web-01,Sign-in failed,10.0.0.113,0
2026-05-22 06:11:22.043983,vm-ad-01,MFA challenge,10.0.0.80,0
2026-05-26 12:43:22.043986,vm-linux-03,Token issued,10.0.0.152,0
2026-05-24 08:51:22.043990,vm-ad-01,FAILED SIGN-IN BRUTE FORCE,185.137.106.192,1
2026-05-28 14:26:22.043993,vm-ad-01,MFA challenge,10.0.0.163,0
2026-05-25 09:52:22.043997,vm-web-01,Sign-in failed,10.0.0.133,0
2026-05-23 00:57:22.044000,vm-db-02,MFA challenge,10.0.0.181,0
2026-05-27 20:29:22.044004,vm-web-01,FAILED SIGN-IN BRUTE FORCE,185.24.75.115,1
2026-05-22 02:33:22.044007,vm-ad-01,Token issued,10.0.0.90,0
2026-05-25 08:08:22.044010,vm-ad-01,MFA challenge,10.0.0.98,0
2026-05-23 14:18:22.044013,vm-db-02,Sign-in success,10.0.0.106,0
2026-05-24 14:47:22.044016,vm-linux-03,Token issued,10.0.0.160,0
2026-05-24 04:58:22.044022,vm-ad-01,FAILED SIGN-IN BRUTE FORCE,185.110.184.157,1
2026-05-27 08:46:22.044027,vm-db-02,FAILED SIGN-IN BRUTE FORCE,185.52.214.58,1
2026-05-23 22:22:22.044030,vm-ad-01,Token issued,10.0.0.98,0
2026-05-24 04:00:22.044033,vm-db-02,Token issued,10.0.0.217,0
2026-05-24 17:26:22.044037,vm-web-01,FAILED SIGN-IN BRUTE FORCE,185.203.3.204,1
2026-05-26 15:33:22.044041,vm-web-01,Sign-in success,10.0.0.178,0
2026-05-22 10:25:22.044044,vm-web-01,Sign-in failed,10.0.0.127,0
2026-05-23 22:59:22.044047,vm-linux-03,Sign-in success,10.0.0.228,0
2026-05-22 05:30:22.044052,vm-ad-01,FAILED SIGN-IN BRUTE FORCE,185.97.213.150,1
2026-05-24 09:51:22.044056,vm-ad-01,FAILED SIGN-IN BRUTE FORCE,185.42.138.221,1
2026-05-23 14:17:22.044059,vm-web-01,Sign-in failed,10.0.0.13,0
2026-05-28 10:11:22.044062,vm-linux-03,MFA challenge,10.0.0.94,0
2026-05-25 19:10:22.044065,vm-db-02,Sign-in success,10.0.0.178,0
2026-05-25 07:17:22.044068,vm-ad-01,MFA challenge,10.0.0.115,0
2026-05-22 10:42:22.044071,vm-db-02,Sign-in failed,10.0.0.45,0
2026-05-27 16:11:22.044074,vm-web-01,Sign-in success,10.0.0.54,0
2026-05-28 05:23:22.044076,vm-db-02,Sign-in failed,10.0.0.174,0
2026-05-27 15:27:22.044081,vm-ad-01,FAILED SIGN-IN BRUTE FORCE,185.196.35.115,1
2026-05-27 02:31:22.044084,vm-db-02,Sign-in failed,10.0.0.175,0
2026-05-27 07:24:22.044087,vm-linux-03,MFA challenge,10.0.0.34,0
2026-05-26 08:47:22.044091,vm-db-02,FAILED SIGN-IN BRUTE FORCE,185.159.168.79,1
2026-05-27 00:46:22.044094,vm-ad-01,Token issued,10.0.0.63,0
2026-05-22 21:27:22.044097,vm-web-01,Sign-in failed,10.0.0.195,0
2026-05-21 18:55:22.044100,vm-db-02,Sign-in success,10.0.0.208,0
2026-05-25 21:33:22.044103,vm-db-02,Token issued,10.0.0.18,0
2026-05-23 05:18:22.044106,vm-linux-03,Token issued,10.0.0.225,0
2026-05-28 03:04:22.044111,vm-linux-03,FAILED SIGN-IN BRUTE FORCE,185.165.160.172,1
2026-05-26 10:56:22.044114,vm-ad-01,Token issued,10.0.0.221,0
2026-05-26 15:01:22.044117,vm-db-02,MFA challenge,10.0.0.124,0
2026-05-23 18:22:22.044121,vm-db-02,Sign-in success,10.0.0.131,0
2026-05-25 05:06:22.044124,vm-ad-01,Sign-in success,10.0.0.77,0
2026-05-25 14:09:22.044128,vm-db-02,MFA challenge,10.0.0.145,0
2026-05-23 15:40:22.044131,vm-db-02,MFA challenge,10.0.0.138,0
2026-05-23 12:12:22.044134,vm-db-02,MFA challenge,10.0.0.194,0
2026-05-24 22:47:22.044138,vm-db-02,FAILED SIGN-IN BRUTE FORCE,185.135.224.10,1
2026-05-23 03:09:22.044141,vm-linux-03,Sign-in success,10.0.0.159,0
2026-05-24 06:09:22.044144,vm-db-02,MFA challenge,10.0.0.118,0
2026-05-23 23:01:22.044150,vm-linux-03,FAILED SIGN-IN BRUTE FORCE,185.80.18.206,1
2026-05-24 06:43:22.044153,vm-db-02,Token issued,10.0.0.252,0
2026-05-25 15:10:22.044156,vm-db-02,Sign-in failed,10.0.0.217,0
2026-05-23 18:01:22.044159,vm-linux-03,Sign-in failed,10.0.0.168,0
2026-05-24 17:34:22.044162,vm-db-02,Sign-in success,10.0.0.122,0
2026-05-26 18:11:22.044165,vm-ad-01,Sign-in failed,10.0.0.28,0
2026-05-28 00:15:22.044168,vm-web-01,Sign-in success,10.0.0.86,0
2026-05-27 01:18:22.044172,vm-db-02,FAILED SIGN-IN BRUTE FORCE,185.73.189.145,1
2026-05-24 19:09:22.044177,vm-db-02,FAILED SIGN-IN BRUTE FORCE,185.158.121.22,1
2026-05-25 23:43:22.044180,vm-linux-03,Sign-in failed,10.0.0.170,0
2026-05-23 14:02:22.044183,vm-db-02,MFA challenge,10.0.0.131,0
2026-05-26 04:42:22.044185,vm-db-02,Sign-in success,10.0.0.25,0
2026-05-25 08:27:22.044188,vm-linux-03,Token issued,10.0.0.152,0
2026-05-27 08:12:22.044193,vm-linux-03,FAILED SIGN-IN BRUTE FORCE,185.43.231.43,1
2026-05-23 03:34:22.044196,vm-linux-03,Sign-in success,10.0.0.204,0
2026-05-26 12:35:22.044199,vm-web-01,Sign-in failed,10.0.0.2,0
2026-05-25 12:09:22.044203,vm-db-02,FAILED SIGN-IN BRUTE FORCE,185.66.184.40,1
2026-05-25 03:50:22.044206,vm-linux-03,Sign-in success,10.0.0.73,0
2026-05-22 02:17:22.044210,vm-ad-01,Sign-in success,10.0.0.124,0
2026-05-28 07:57:22.044213,vm-ad-01,Sign-in failed,10.0.0.91,0
2026-05-25 09:30:22.044218,vm-linux-03,FAILED SIGN-IN BRUTE FORCE,185.201.241.99,1
2026-05-23 13:05:22.044221,vm-linux-03,Token issued,10.0.0.186,0
2026-05-26 21:15:22.044224,vm-ad-01,Sign-in failed,10.0.0.118,0
2026-05-25 23:05:22.044227,vm-web-01,Token issued,10.0.0.107,0
2026-05-26 01:18:22.044231,vm-ad-01,FAILED SIGN-IN BRUTE FORCE,185.23.3.143,1
2026-05-23 18:03:22.044235,vm-ad-01,MFA challenge,10.0.0.237,0
2026-05-23 04:43:22.044239,vm-web-01,Token issued,10.0.0.48,0
2026-05-23 22:13:22.044242,vm-web-01,Sign-in failed,10.0.0.98,0
2026-05-26 18:28:22.044246,vm-web-01,FAILED SIGN-IN BRUTE FORCE,185.79.8.84,1
2026-05-28 04:49:22.044249,vm-db-02,MFA challenge,10.0.0.244,0
2026-05-24 21:36:22.044252,vm-db-02,MFA challenge,10.0.0.149,0
2026-05-28 01:27:22.044255,vm-ad-01,Token issued,10.0.0.219,0
2026-05-28 15:22:22.044259,vm-web-01,Sign-in success,10.0.0.75,0
2026-05-26 09:54:22.044262,vm-db-02,Token issued,10.0.0.22,0
2026-05-23 03:09:22.044265,vm-linux-03,Sign-in success,10.0.0.85,0
2026-05-26 15:28:22.044268,vm-web-01,MFA challenge,10.0.0.58,0
2026-05-24 00:17:22.044271,vm-ad-01,Sign-in success,10.0.0.159,0
2026-05-26 11:06:22.044274,vm-db-02,Sign-in failed,10.0.0.146,0
2026-05-27 13:31:22.044277,vm-ad-01,Token issued,10.0.0.172,0
2026-05-26 02:38:22.044280,vm-ad-01,Token issued,10.0.0.20,0
2026-05-24 16:19:22.044283,vm-linux-03,Token issued,10.0.0.132,0
2026-05-26 16:20:22.044286,vm-ad-01,Sign-in success,10.0.0.112,0
2026-05-22 13:06:22.044289,vm-db-02,Sign-in success,10.0.0.2,0
2026-05-28 10:55:22.044293,vm-ad-01,FAILED SIGN-IN BRUTE FORCE,185.208.225.234,1
2026-05-27 19:48:22.044298,vm-db-02,FAILED SIGN-IN BRUTE FORCE,185.134.96.30,1
2026-05-22 12:09:22.044301,vm-linux-03,Sign-in failed,10.0.0.142,0
2026-05-27 16:35:22.044304,vm-ad-01,MFA challenge,10.0.0.232,0
2026-05-24 16:31:22.044307,vm-ad-01,Token issued,10.0.0.171,0
2026-05-28 11:02:22.044310,vm-web-01,MFA challenge,10.0.0.242,0
2026-05-26 23:37:22.044313,vm-web-01,Token issued,10.0.0.59,0
2026-05-27 15:38:22.044316,vm-db-02,MFA challenge,10.0.0.79,0
2026-05-26 01:19:22.044319,vm-linux-03,Sign-in failed,10.0.0.23,0
2026-05-22 06:20:22.044322,vm-db-02,MFA challenge,10.0.0.187,0
2026-05-23 21:05:22.044325,vm-linux-03,Sign-in success,10.0.0.84,0
2026-05-25 21:50:22.044330,vm-web-01,FAILED SIGN-IN BRUTE FORCE,185.131.83.104,1
2026-05-28 00:06:22.044333,vm-ad-01,Token issued,10.0.0.235,0
2026-05-27 21:24:22.044335,vm-linux-03,Token issued,10.0.0.211,0
2026-05-24 19:32:22.044338,vm-web-01,Sign-in success,10.0.0.220,0
2026-05-25 20:33:22.044342,vm-web-01,MFA challenge,10.0.0.34,0
2026-05-23 02:20:22.044345,vm-db-02,Token issued,10.0.0.198,0
2026-05-26 13:22:22.044348,vm-db-02,MFA challenge,10.0.0.112,0
2026-05-23 03:19:22.044351,vm-linux-03,Sign-in success,10.0.0.108,0
2026-05-27 17:40:22.044354,vm-db-02,Token issued,10.0.0.192,0
2026-05-22 00:02:22.044357,vm-ad-01,Sign-in failed,10.0.0.199,0
2026-05-23 09:24:22.044361,vm-ad-01,Sign-in success,10.0.0.184,0
2026-05-24 03:58:22.044365,vm-web-01,FAILED SIGN-IN BRUTE FORCE,185.142.207.43,1
2026-05-25 04:04:22.044368,vm-ad-01,Sign-in success,10.0.0.179,0
2026-05-25 12:25:22.044372,vm-ad-01,MFA challenge,10.0.0.135,0
2026-05-24 04:52:22.044375,vm-linux-03,Token issued,10.0.0.181,0
2026-05-27 06:52:22.044378,vm-linux-03,Token issued,10.0.0.137,0
2026-05-26 20:52:22.044381,vm-db-02,Sign-in success,10.0.0.136,0
2026-05-28 14:17:22.044384,vm-web-01,Sign-in failed,10.0.0.190,0
2026-05-28 12:51:22.044387,vm-web-01,Sign-in success,10.0.0.211,0
2026-05-25 03:56:22.044390,vm-ad-01,MFA challenge,10.0.0.171,0
2026-05-25 18:36:22.044393,vm-db-02,Token issued,10.0.0.243,0
2026-05-23 09:16:22.044396,vm-db-02,MFA challenge,10.0.0.32,0
2026-05-28 00:45:22.044401,vm-db-02,FAILED SIGN-IN BRUTE FORCE,185.42.175.133,1
2026-05-28 08:51:22.044404,vm-db-02,MFA challenge,10.0.0.208,0
2026-05-25 04:09:22.044407,vm-db-02,MFA challenge,10.0.0.199,0
2026-05-28 00:49:22.044410,vm-db-02,Sign-in success,10.0.0.76,0
2026-05-24 23:04:22.044413,vm-linux-03,MFA challenge,10.0.0.77,0
2026-05-24 01:23:22.044416,vm-ad-01,MFA challenge,10.0.0.209,0
2026-05-26 07:22:22.044419,vm-ad-01,Sign-in failed,10.0.0.9,0
2026-05-26 21:41:22.044423,vm-web-01,Sign-in success,10.0.0.53,0
2026-05-23 08:21:22.044425,vm-web-01,Sign-in failed,10.0.0.79,0
2026-05-25 19:28:22.044428,vm-web-01,MFA challenge,10.0.0.187,0
2026-05-27 22:25:22.044432,vm-db-02,Token issued,10.0.0.42,0
2026-05-26 12:25:22.044434,vm-ad-01,MFA challenge,10.0.0.104,0
2026-05-25 13:03:22.044438,vm-web-01,Sign-in success,10.0.0.102,0
2026-05-22 06:54:22.044442,vm-linux-03,FAILED SIGN-IN BRUTE FORCE,185.53.206.44,1
2026-05-23 08:55:22.044448,vm-linux-03,FAILED SIGN-IN BRUTE FORCE,185.122.250.224,1
2026-05-26 23:40:22.044451,vm-db-02,Token issued,10.0.0.152,0
2026-05-23 08:18:22.044456,vm-web-01,FAILED SIGN-IN BRUTE FORCE,185.96.100.28,1
2026-05-22 09:17:22.044459,vm-ad-01,Sign-in failed,10.0.0.42,0
2026-05-25 12:03:22.044464,vm-ad-01,FAILED SIGN-IN BRUTE FORCE,185.241.182.97,1
2026-05-22 16:24:22.044467,vm-web-01,MFA challenge,10.0.0.96,0
2026-05-28 01:59:22.044471,vm-ad-01,Sign-in success,10.0.0.28,0
2026-05-25 04:24:22.044475,vm-ad-01,FAILED SIGN-IN BRUTE FORCE,185.49.180.65,1
2026-05-24 16:03:22.044478,vm-web-01,Token issued,10.0.0.94,0
2026-05-22 22:20:22.044482,vm-web-01,FAILED SIGN-IN BRUTE FORCE,185.214.28.1,1
2026-05-23 11:03:22.044486,vm-db-02,MFA challenge,10.0.0.208,0
2026-05-26 05:59:22.044489,vm-ad-01,Sign-in failed,10.0.0.59,0
2026-05-28 07:53:22.044492,vm-linux-03,Sign-in failed,10.0.0.43,0
2026-05-22 22:41:22.044496,vm-web-01,MFA challenge,10.0.0.28,0
2026-05-24 22:48:22.044499,vm-web-01,MFA challenge,10.0.0.6,0
2026-05-27 11:16:22.044503,vm-linux-03,FAILED SIGN-IN BRUTE FORCE,185.187.49.202,1
2026-05-25 18:04:22.044507,vm-linux-03,Sign-in success,10.0.0.157,0
2026-05-24 03:22:22.044510,vm-web-01,MFA challenge,10.0.0.219,0
2026-05-28 16:02:22.044513,vm-ad-01,Sign-in failed,10.0.0.207,0
2026-05-28 13:25:22.044517,vm-linux-03,FAILED SIGN-IN BRUTE FORCE,185.99.83.138,1
2026-05-22 23:01:22.044520,vm-linux-03,Token issued,10.0.0.173,0
2026-05-26 17:01:22.044524,vm-linux-03,Sign-in success,10.0.0.27,0
2026-05-23 00:53:22.044528,vm-db-02,FAILED SIGN-IN BRUTE FORCE,185.10.9.138,1
2026-05-22 17:30:22.044531,vm-ad-01,Token issued,10.0.0.39,0
2026-05-26 03:26:22.044534,vm-db-02,MFA challenge,10.0.0.150,0
2026-05-25 13:21:22.044537,vm-ad-01,Sign-in failed,10.0.0.25,0
2026-05-21 23:53:22.044540,vm-web-01,Token issued,10.0.0.124,0
2026-05-27 16:45:22.044543,vm-ad-01,Sign-in failed,10.0.0.203,0
2026-05-24 09:29:22.044546,vm-ad-01,Token issued,10.0.0.34,0
2026-05-24 21:41:22.044549,vm-ad-01,Sign-in success,10.0.0.173,0
2026-05-24 06:57:22.044552,vm-web-01,MFA challenge,10.0.0.211,0
2026-05-26 18:57:22.044556,vm-ad-01,Sign-in failed,10.0.0.161,0
2026-05-25 14:32:22.044559,vm-ad-01,Sign-in failed,10.0.0.87,0
2026-05-24 12:16:22.044562,vm-web-01,MFA challenge,10.0.0.11,0
2026-05-25 14:09:22.044565,vm-linux-03,Sign-in failed,10.0.0.168,0
2026-05-28 09:26:22.044568,vm-web-01,Sign-in failed,10.0.0.86,0
2026-05-24 19:09:22.044571,vm-web-01,Token issued,10.0.0.28,0
2026-05-28 13:07:22.044574,vm-ad-01,Token issued,10.0.0.106,0
2026-05-25 18:48:22.044578,vm-db-02,MFA challenge,10.0.0.198,0
2026-05-26 15:58:22.044581,vm-linux-03,Sign-in failed,10.0.0.60,0
2026-05-28 12:13:22.044586,vm-linux-03,FAILED SIGN-IN BRUTE FORCE,185.184.21.129,1
2026-05-23 01:13:22.044589,vm-linux-03,Sign-in failed,10.0.0.147,0
2026-05-27 00:02:22.044592,vm-db-02,MFA challenge,10.0.0.96,0
2026-05-26 20:05:22.044595,vm-db-02,Token issued,10.0.0.244,0
2026-05-22 12:47:22.044598,vm-web-01,MFA challenge,10.0.0.196,0
2026-05-24 09:52:22.044602,vm-db-02,FAILED SIGN-IN BRUTE FORCE,185.109.61.131,1
2026-05-25 01:58:22.044605,vm-ad-01,Sign-in failed,10.0.0.94,0
2026-05-26 23:36:22.044610,vm-ad-01,FAILED SIGN-IN BRUTE FORCE,185.64.55.237,1
2026-05-22 11:03:22.044613,vm-web-01,MFA challenge,10.0.0.243,0
2026-05-22 17:56:22.044617,vm-web-01,FAILED SIGN-IN BRUTE FORCE,185.238.69.120,1
2026-05-28 12:34:22.044620,vm-linux-03,Token issued,10.0.0.90,0
2026-05-23 18:10:22.044624,vm-linux-03,Sign-in failed,10.0.0.153,0
2026-05-28 02:50:22.044631,vm-db-02,MFA challenge,10.0.0.140,0
2026-05-22 08:27:22.044634,vm-db-02,Sign-in failed,10.0.0.76,0
2026-05-25 11:09:22.044637,vm-linux-03,Token issued,10.0.0.216,0
2026-05-22 06:46:22.044642,vm-web-01,FAILED SIGN-IN BRUTE FORCE,185.145.68.45,1
2026-05-23 08:19:22.044645,vm-linux-03,Sign-in failed,10.0.0.49,0
2026-05-25 10:21:22.044648,vm-ad-01,Token issued,10.0.0.37,0
2026-05-23 02:07:22.044651,vm-db-02,Token issued,10.0.0.97,0
2026-05-27 16:24:22.044654,vm-ad-01,Sign-in failed,10.0.0.39,0
2026-05-24 01:00:22.044657,vm-db-02,Sign-in success,10.0.0.39,0
2026-05-22 22:47:22.044661,vm-web-01,FAILED SIGN-IN BRUTE FORCE,185.13.159.167,1
2026-05-24 21:00:22.044664,vm-web-01,Sign-in failed,10.0.0.18,0
2026-05-24 23:26:22.044669,vm-web-01,Sign-in success,10.0.0.141,0
2026-05-26 02:06:22.044672,vm-ad-01,Token issued,10.0.0.206,0
2026-05-22 11:35:22.044675,vm-linux-03,MFA challenge,10.0.0.184,0
2026-05-25 11:19:22.044679,vm-db-02,FAILED SIGN-IN BRUTE FORCE,185.219.203.1,1
2026-05-27 19:07:22.044682,vm-web-01,Sign-in failed,10.0.0.220,0
2026-05-24 01:42:22.044685,vm-db-02,Sign-in success,10.0.0.151,0
2026-05-26 00:57:22.044688,vm-web-01,MFA challenge,10.0.0.144,0
2026-05-24 03:27:22.044692,vm-ad-01,Token issued,10.0.0.124,0
2026-05-27 03:39:22.044695,vm-linux-03,MFA challenge,10.0.0.251,0
2026-05-24 15:19:22.044700,vm-web-01,FAILED SIGN-IN BRUTE FORCE,185.248.169.52,1
2026-05-25 14:43:22.044703,vm-ad-01,Sign-in failed,10.0.0.214,0
2026-05-26 11:46:22.044706,vm-linux-03,MFA challenge,10.0.0.233,0
2026-05-26 13:10:22.044710,vm-web-01,MFA challenge,10.0.0.210,0
2026-05-25 22:22:22.044713,vm-web-01,Sign-in success,10.0.0.177,0
2026-05-28 00:36:22.044716,vm-ad-01,Token issued,10.0.0.38,0
2026-05-28 11:27:22.044720,vm-db-02,FAILED SIGN-IN BRUTE FORCE,185.88.226.216,1
2026-05-22 16:56:22.044725,vm-ad-01,FAILED SIGN-IN BRUTE FORCE,185.57.195.207,1
2026-05-26 20:21:22.044728,vm-linux-03,Token issued,10.0.0.50,0
2026-05-22 07:49:22.044731,vm-web-01,MFA challenge,10.0.0.54,0
2026-05-28 06:35:22.044734,vm-ad-01,MFA challenge,10.0.0.81,0
2026-05-25 00:52:22.044738,vm-linux-03,FAILED SIGN-IN BRUTE FORCE,185.227.117.78,1
2026-05-23 21:35:22.044742,vm-linux-03,FAILED SIGN-IN BRUTE FORCE,185.195.160.151,1
2026-05-23 16:27:22.044745,vm-linux-03,MFA challenge,10.0.0.217,0
2026-05-25 04:24:22.044750,vm-linux-03,FAILED SIGN-IN BRUTE FORCE,185.151.5.188,1
2026-05-24 07:14:22.044753,vm-db-02,Sign-in failed,10.0.0.212,0
2026-05-27 04:56:22.044756,vm-ad-01,MFA challenge,10.0.0.117,0
2026-05-24 14:57:22.044759,vm-ad-01,Sign-in success,10.0.0.114,0
2026-05-23 09:51:22.044763,vm-web-01,FAILED SIGN-IN BRUTE FORCE,185.228.183.182,1
2026-05-26 05:52:22.044766,vm-ad-01,Sign-in failed,10.0.0.99,0
2026-05-28 02:20:22.044769,vm-linux-03,MFA challenge,10.0.0.44,0
2026-05-22 02:25:22.044772,vm-db-02,Sign-in success,10.0.0.118,0
2026-05-22 05:29:22.044775,vm-ad-01,Sign-in failed,10.0.0.246,0
2026-05-25 21:32:22.044779,vm-web-01,MFA challenge,10.0.0.218,0
2026-05-28 01:56:22.044784,vm-linux-03,FAILED SIGN-IN BRUTE FORCE,185.127.29.91,1
2026-05-25 15:51:22.044787,vm-db-02,Sign-in success,10.0.0.163,0
2026-05-24 09:49:22.044791,vm-db-02,Sign-in success,10.0.0.62,0
2026-05-26 21:20:22.044794,vm-ad-01,Token issued,10.0.0.224,0
2026-05-27 14:17:22.044797,vm-linux-03,Sign-in success,10.0.0.143,0
2026-05-23 17:57:22.044800,vm-ad-01,Token issued,10.0.0.26,0
2026-05-22 11:12:22.044809,vm-db-02,FAILED SIGN-IN BRUTE FORCE,185.158.204.230,1
2026-05-25 21:37:22.044812,vm-linux-03,MFA challenge,10.0.0.163,0
2026-05-25 07:19:22.044816,vm-ad-01,FAILED SIGN-IN BRUTE FORCE,185.151.134.36,1
2026-05-28 15:06:22.044819,vm-db-02,Sign-in failed,10.0.0.104,0
2026-05-26 18:04:22.044822,vm-db-02,Sign-in success,10.0.0.8,0
2026-05-26 20:42:22.044825,vm-db-02,Sign-in failed,10.0.0.85,0
2026-05-24 15:15:22.044828,vm-ad-01,Sign-in failed,10.0.0.182,0
2026-05-24 16:53:22.044834,vm-linux-03,FAILED SIGN-IN BRUTE FORCE,185.1.3.225,1
2026-05-24 05:28:22.044838,vm-ad-01,FAILED SIGN-IN BRUTE FORCE,185.172.159.245,1
2026-05-27 03:04:22.044841,vm-linux-03,Token issued,10.0.0.132,0
2026-05-28 02:06:22.044843,vm-db-02,Token issued,10.0.0.38,0
2026-05-24 03:36:22.044846,vm-db-02,Sign-in success,10.0.0.64,0
2026-05-28 01:15:22.044851,vm-db-02,FAILED SIGN-IN BRUTE FORCE,185.60.95.173,1
2026-05-27 11:36:22.044854,vm-db-02,Sign-in success,10.0.0.15,0
2026-05-26 07:53:22.044856,vm-web-01,Sign-in success,10.0.0.41,0
2026-05-25 10:16:22.044859,vm-web-01,Sign-in failed,10.0.0.13,0
2026-05-27 03:06:22.044862,vm-linux-03,MFA challenge,10.0.0.245,0
2026-05-26 22:39:22.044864,vm-web-01,Token issued,10.0.0.157,0
2026-05-26 13:43:22.044867,vm-linux-03,Token issued,10.0.0.72,0
2026-05-25 16:23:22.044870,vm-ad-01,Sign-in failed,10.0.0.160,0
2026-05-26 15:47:22.044872,vm-web-01,Sign-in failed,10.0.0.89,0
2026-05-26 03:11:22.044875,vm-linux-03,Sign-in success,10.0.0.168,0
2026-05-28 02:16:22.044877,vm-ad-01,Token issued,10.0.0.186,0
2026-05-24 12:50:22.044880,vm-ad-01,Sign-in failed,10.0.0.36,0
2026-05-27 15:59:22.044883,vm-ad-01,Token issued,10.0.0.243,0
2026-05-24 23:07:22.044886,vm-ad-01,MFA challenge,10.0.0.252,0
2026-05-24 11:30:22.044889,vm-ad-01,Token issued,10.0.0.17,0
2026-05-26 12:58:22.044892,vm-ad-01,Sign-in failed,10.0.0.205,0
2026-05-23 11:18:22.044894,vm-ad-01,MFA challenge,10.0.0.145,0
2026-05-27 08:10:22.044897,vm-web-01,Sign-in success,10.0.0.78,0
2026-05-23 19:34:22.044900,vm-db-02,Sign-in failed,10.0.0.110,0
2026-05-22 06:30:22.044904,vm-db-02,FAILED SIGN-IN BRUTE FORCE,185.119.136.3,1
2026-05-27 07:02:22.044907,vm-ad-01,Sign-in failed,10.0.0.206,0
2026-05-23 22:00:22.044911,vm-web-01,FAILED SIGN-IN BRUTE FORCE,185.58.196.220,1
2026-05-27 02:41:22.044914,vm-linux-03,Sign-in success,10.0.0.91,0
2026-05-24 14:53:22.044916,vm-linux-03,Sign-in success,10.0.0.175,0
2026-05-22 17:50:22.044919,vm-linux-03,Token issued,10.0.0.23,0
2026-05-27 03:00:22.044923,vm-web-01,FAILED SIGN-IN BRUTE FORCE,185.33.154.33,1
2026-05-27 18:24:22.044927,vm-web-01,FAILED SIGN-IN BRUTE FORCE,185.149.98.36,1
